Hours per Day,Hours Per Year
1,1
2,2
3,3
4,4
5,5
6,6
7,7
8,8
9,9
10,10
11,11
12,12
13,13
14,14
15,15
16,16
17,17
18,18
19,19
20,20
21,21
22,22
23,23
24,24
1,25
2,26
3,27
4,28
5,29
6,30
7,31
8,32
9,33
10,34
11,35
12,36
13,37
14,38
15,39
16,40
17,41
18,42
19,43
20,44
21,45
22,46
23,47
24,48
1,49
2,50
3,51
4,52
5,53
6,54
7,55
8,56
9,57
10,58
11,59
12,60
13,61
14,62
15,63
16,64
17,65
18,66
19,67
20,68
21,69
22,70
23,71
24,72
1,73
2,74
3,75
4,76
5,77
6,78
7,79
8,80
9,81
10,82
11,83
12,84
13,85
14,86
15,87
16,88
17,89
18,90
19,91
20,92
21,93
22,94
23,95
24,96
1,97
2,98
3,99
4,100
5,101
6,102
7,103
8,104
9,105
10,106
11,107
12,108
13,109
14,110
15,111
16,112
17,113
18,114
19,115
20,116
21,117
22,118
23,119
24,120
1,121
2,122
3,123
4,124
5,125
6,126
7,127
8,128
9,129
10,130
11,131
12,132
13,133
14,134
15,135
16,136
17,137
18,138
19,139
20,140
21,141
22,142
23,143
24,144
1,145
2,146
3,147
4,148
5,149
6,150
7,151
8,152
9,153
10,154
11,155
12,156
13,157
14,158
15,159
16,160
17,161
18,162
19,163
20,164
21,165
22,166
23,167
24,168
1,169
2,170
3,171
4,172
5,173
6,174
7,175
8,176
9,177
10,178
11,179
12,180
13,181
14,182
15,183
16,184
17,185
18,186
19,187
20,188
21,189
22,190
23,191
24,192
1,193
2,194
3,195
4,196
5,197
6,198
7,199
8,200
9,201
10,202
11,203
12,204
13,205
14,206
15,207
16,208
17,209
18,210
19,211
20,212
21,213
22,214
23,215
24,216
1,217
2,218
3,219
4,220
5,221
6,222
7,223
8,224
9,225
10,226
11,227
12,228
13,229
14,230
15,231
16,232
17,233
18,234
19,235
20,236
21,237
22,238
23,239
24,240
1,241
2,242
3,243
4,244
5,245
6,246
7,247
8,248
9,249
10,250
11,251
12,252
13,253
14,254
15,255
16,256
17,257
18,258
19,259
20,260
21,261
22,262
23,263
24,264
1,265
2,266
3,267
4,268
5,269
6,270
7,271
8,272
9,273
10,274
11,275
12,276
13,277
14,278
15,279
16,280
17,281
18,282
19,283
20,284
21,285
22,286
23,287
24,288
1,289
2,290
3,291
4,292
5,293
6,294
7,295
8,296
9,297
10,298
11,299
12,300
13,301
14,302
15,303
16,304
17,305
18,306
19,307
20,308
21,309
22,310
23,311
24,312
1,313
2,314
3,315
4,316
5,317
6,318
7,319
8,320
9,321
10,322
11,323
12,324
13,325
14,326
15,327
16,328
17,329
18,330
19,331
20,332
21,333
22,334
23,335
24,336
1,337
2,338
3,339
4,340
5,341
6,342
7,343
8,344
9,345
10,346
11,347
12,348
13,349
14,350
15,351
16,352
17,353
18,354
19,355
20,356
21,357
22,358
23,359
24,360
1,361
2,362
3,363
4,364
5,365
6,366
7,367
8,368
9,369
10,370
11,371
12,372
13,373
14,374
15,375
16,376
17,377
18,378
19,379
20,380
21,381
22,382
23,383
24,384
1,385
2,386
3,387
4,388
5,389
6,390
7,391
8,392
9,393
10,394
11,395
12,396
13,397
14,398
15,399
16,400
17,401
18,402
19,403
20,404
21,405
22,406
23,407
24,408
1,409
2,410
3,411
4,412
5,413
6,414
7,415
8,416
9,417
10,418
11,419
12,420
13,421
14,422
15,423
16,424
17,425
18,426
19,427
20,428
21,429
22,430
23,431
24,432
1,433
2,434
3,435
4,436
5,437
6,438
7,439
8,440
9,441
10,442
11,443
12,444
13,445
14,446
15,447
16,448
17,449
18,450
19,451
20,452
21,453
22,454
23,455
24,456
1,457
2,458
3,459
4,460
5,461
6,462
7,463
8,464
9,465
10,466
11,467
12,468
13,469
14,470
15,471
16,472
17,473
18,474
19,475
20,476
21,477
22,478
23,479
24,480
1,481
2,482
3,483
4,484
5,485
6,486
7,487
8,488
9,489
10,490
11,491
12,492
13,493
14,494
15,495
16,496
17,497
18,498
19,499
20,500
21,501
22,502
23,503
24,504
1,505
2,506
3,507
4,508
5,509
6,510
7,511
8,512
9,513
10,514
11,515
12,516
13,517
14,518
15,519
16,520
17,521
18,522
19,523
20,524
21,525
22,526
23,527
24,528
1,529
2,530
3,531
4,532
5,533
6,534
7,535
8,536
9,537
10,538
11,539
12,540
13,541
14,542
15,543
16,544
17,545
18,546
19,547
20,548
21,549
22,550
23,551
24,552
1,553
2,554
3,555
4,556
5,557
6,558
7,559
8,560
9,561
10,562
11,563
12,564
13,565
14,566
15,567
16,568
17,569
18,570
19,571
20,572
21,573
22,574
23,575
24,576
1,577
2,578
3,579
4,580
5,581
6,582
7,583
8,584
9,585
10,586
11,587
12,588
13,589
14,590
15,591
16,592
17,593
18,594
19,595
20,596
21,597
22,598
23,599
24,600
1,601
2,602
3,603
4,604
5,605
6,606
7,607
8,608
9,609
10,610
11,611
12,612
13,613
14,614
15,615
16,616
17,617
18,618
19,619
20,620
21,621
22,622
23,623
24,624
1,625
2,626
3,627
4,628
5,629
6,630
7,631
8,632
9,633
10,634
11,635
12,636
13,637
14,638
15,639
16,640
17,641
18,642
19,643
20,644
21,645
22,646
23,647
24,648
1,649
2,650
3,651
4,652
5,653
6,654
7,655
8,656
9,657
10,658
11,659
12,660
13,661
14,662
15,663
16,664
17,665
18,666
19,667
20,668
21,669
22,670
23,671
24,672
1,673
2,674
3,675
4,676
5,677
6,678
7,679
8,680
9,681
10,682
11,683
12,684
13,685
14,686
15,687
16,688
17,689
18,690
19,691
20,692
21,693
22,694
23,695
24,696
1,697
2,698
3,699
4,700
5,701
6,702
7,703
8,704
9,705
10,706
11,707
12,708
13,709
14,710
15,711
16,712
17,713
18,714
19,715
20,716
21,717
22,718
23,719
24,720
1,721
2,722
3,723
4,724
5,725
6,726
7,727
8,728
9,729
10,730
11,731
12,732
13,733
14,734
15,735
16,736
17,737
18,738
19,739
20,740
21,741
22,742
23,743
24,744
1,745
2,746
3,747
4,748
5,749
6,750
7,751
8,752
9,753
10,754
11,755
12,756
13,757
14,758
15,759
16,760
17,761
18,762
19,763
20,764
21,765
22,766
23,767
24,768
1,769
2,770
3,771
4,772
5,773
6,774
7,775
8,776
9,777
10,778
11,779
12,780
13,781
14,782
15,783
16,784
17,785
18,786
19,787
20,788
21,789
22,790
23,791
24,792
1,793
2,794
3,795
4,796
5,797
6,798
7,799
8,800
9,801
10,802
11,803
12,804
13,805
14,806
15,807
16,808
17,809
18,810
19,811
20,812
21,813
22,814
23,815
24,816
1,817
2,818
3,819
4,820
5,821
6,822
7,823
8,824
9,825
10,826
11,827
12,828
13,829
14,830
15,831
16,832
17,833
18,834
19,835
20,836
21,837
22,838
23,839
24,840
1,841
2,842
3,843
4,844
5,845
6,846
7,847
8,848
9,849
10,850
11,851
12,852
13,853
14,854
15,855
16,856
17,857
18,858
19,859
20,860
21,861
22,862
23,863
24,864
1,865
2,866
3,867
4,868
5,869
6,870
7,871
8,872
9,873
10,874
11,875
12,876
13,877
14,878
15,879
16,880
17,881
18,882
19,883
20,884
21,885
22,886
23,887
24,888
1,889
2,890
3,891
4,892
5,893
6,894
7,895
8,896
9,897
10,898
11,899
12,900
13,901
14,902
15,903
16,904
17,905
18,906
19,907
20,908
21,909
22,910
23,911
24,912
1,913
2,914
3,915
4,916
5,917
6,918
7,919
8,920
9,921
10,922
11,923
12,924
13,925
14,926
15,927
16,928
17,929
18,930
19,931
20,932
21,933
22,934
23,935
24,936
1,937
2,938
3,939
4,940
5,941
6,942
7,943
8,944
9,945
10,946
11,947
12,948
13,949
14,950
15,951
16,952
17,953
18,954
19,955
20,956
21,957
22,958
23,959
24,960
1,961
2,962
3,963
4,964
5,965
6,966
7,967
8,968
9,969
10,970
11,971
12,972
13,973
14,974
15,975
16,976
17,977
18,978
19,979
20,980
21,981
22,982
23,983
24,984
1,985
2,986
3,987
4,988
5,989
6,990
7,991
8,992
9,993
10,994
11,995
12,996
13,997
14,998
15,999
16,1000
17,1001
18,1002
19,1003
20,1004
21,1005
22,1006
23,1007
24,1008
1,1009
2,1010
3,1011
4,1012
5,1013
6,1014
7,1015
8,1016
9,1017
10,1018
11,1019
12,1020
13,1021
14,1022
15,1023
16,1024
17,1025
18,1026
19,1027
20,1028
21,1029
22,1030
23,1031
24,1032
1,1033
2,1034
3,1035
4,1036
5,1037
6,1038
7,1039
8,1040
9,1041
10,1042
11,1043
12,1044
13,1045
14,1046
15,1047
16,1048
17,1049
18,1050
19,1051
20,1052
21,1053
22,1054
23,1055
24,1056
1,1057
2,1058
3,1059
4,1060
5,1061
6,1062
7,1063
8,1064
9,1065
10,1066
11,1067
12,1068
13,1069
14,1070
15,1071
16,1072
17,1073
18,1074
19,1075
20,1076
21,1077
22,1078
23,1079
24,1080
1,1081
2,1082
3,1083
4,1084
5,1085
6,1086
7,1087
8,1088
9,1089
10,1090
11,1091
12,1092
13,1093
14,1094
15,1095
16,1096
17,1097
18,1098
19,1099
20,1100
21,1101
22,1102
23,1103
24,1104
1,1105
2,1106
3,1107
4,1108
5,1109
6,1110
7,1111
8,1112
9,1113
10,1114
11,1115
12,1116
13,1117
14,1118
15,1119
16,1120
17,1121
18,1122
19,1123
20,1124
21,1125
22,1126
23,1127
24,1128
1,1129
2,1130
3,1131
4,1132
5,1133
6,1134
7,1135
8,1136
9,1137
10,1138
11,1139
12,1140
13,1141
14,1142
15,1143
16,1144
17,1145
18,1146
19,1147
20,1148
21,1149
22,1150
23,1151
24,1152
1,1153
2,1154
3,1155
4,1156
5,1157
6,1158
7,1159
8,1160
9,1161
10,1162
11,1163
12,1164
13,1165
14,1166
15,1167
16,1168
17,1169
18,1170
19,1171
20,1172
21,1173
22,1174
23,1175
24,1176
1,1177
2,1178
3,1179
4,1180
5,1181
6,1182
7,1183
8,1184
9,1185
10,1186
11,1187
12,1188
13,1189
14,1190
15,1191
16,1192
17,1193
18,1194
19,1195
20,1196
21,1197
22,1198
23,1199
24,1200
1,1201
2,1202
3,1203
4,1204
5,1205
6,1206
7,1207
8,1208
9,1209
10,1210
11,1211
12,1212
13,1213
14,1214
15,1215
16,1216
17,1217
18,1218
19,1219
20,1220
21,1221
22,1222
23,1223
24,1224
1,1225
2,1226
3,1227
4,1228
5,1229
6,1230
7,1231
8,1232
9,1233
10,1234
11,1235
12,1236
13,1237
14,1238
15,1239
16,1240
17,1241
18,1242
19,1243
20,1244
21,1245
22,1246
23,1247
24,1248
1,1249
2,1250
3,1251
4,1252
5,1253
6,1254
7,1255
8,1256
9,1257
10,1258
11,1259
12,1260
13,1261
14,1262
15,1263
16,1264
17,1265
18,1266
19,1267
20,1268
21,1269
22,1270
23,1271
24,1272
1,1273
2,1274
3,1275
4,1276
5,1277
6,1278
7,1279
8,1280
9,1281
10,1282
11,1283
12,1284
13,1285
14,1286
15,1287
16,1288
17,1289
18,1290
19,1291
20,1292
21,1293
22,1294
23,1295
24,1296
1,1297
2,1298
3,1299
4,1300
5,1301
6,1302
7,1303
8,1304
9,1305
10,1306
11,1307
12,1308
13,1309
14,1310
15,1311
16,1312
17,1313
18,1314
19,1315
20,1316
21,1317
22,1318
23,1319
24,1320
1,1321
2,1322
3,1323
4,1324
5,1325
6,1326
7,1327
8,1328
9,1329
10,1330
11,1331
12,1332
13,1333
14,1334
15,1335
16,1336
17,1337
18,1338
19,1339
20,1340
21,1341
22,1342
23,1343
24,1344
1,1345
2,1346
3,1347
4,1348
5,1349
6,1350
7,1351
8,1352
9,1353
10,1354
11,1355
12,1356
13,1357
14,1358
15,1359
16,1360
17,1361
18,1362
19,1363
20,1364
21,1365
22,1366
23,1367
24,1368
1,1369
2,1370
3,1371
4,1372
5,1373
6,1374
7,1375
8,1376
9,1377
10,1378
11,1379
12,1380
13,1381
14,1382
15,1383
16,1384
17,1385
18,1386
19,1387
20,1388
21,1389
22,1390
23,1391
24,1392
1,1393
2,1394
3,1395
4,1396
5,1397
6,1398
7,1399
8,1400
9,1401
10,1402
11,1403
12,1404
13,1405
14,1406
15,1407
16,1408
17,1409
18,1410
19,1411
20,1412
21,1413
22,1414
23,1415
24,1416
1,1417
2,1418
3,1419
4,1420
5,1421
6,1422
7,1423
8,1424
9,1425
10,1426
11,1427
12,1428
13,1429
14,1430
15,1431
16,1432
17,1433
18,1434
19,1435
20,1436
21,1437
22,1438
23,1439
24,1440
1,1441
2,1442
3,1443
4,1444
5,1445
6,1446
7,1447
8,1448
9,1449
10,1450
11,1451
12,1452
13,1453
14,1454
15,1455
16,1456
17,1457
18,1458
19,1459
20,1460
21,1461
22,1462
23,1463
24,1464
1,1465
2,1466
3,1467
4,1468
5,1469
6,1470
7,1471
8,1472
9,1473
10,1474
11,1475
12,1476
13,1477
14,1478
15,1479
16,1480
17,1481
18,1482
19,1483
20,1484
21,1485
22,1486
23,1487
24,1488
1,1489
2,1490
3,1491
4,1492
5,1493
6,1494
7,1495
8,1496
9,1497
10,1498
11,1499
12,1500
13,1501
14,1502
15,1503
16,1504
17,1505
18,1506
19,1507
20,1508
21,1509
22,1510
23,1511
24,1512
1,1513
2,1514
3,1515
4,1516
5,1517
6,1518
7,1519
8,1520
9,1521
10,1522
11,1523
12,1524
13,1525
14,1526
15,1527
16,1528
17,1529
18,1530
19,1531
20,1532
21,1533
22,1534
23,1535
24,1536
1,1537
2,1538
3,1539
4,1540
5,1541
6,1542
7,1543
8,1544
9,1545
10,1546
11,1547
12,1548
13,1549
14,1550
15,1551
16,1552
17,1553
18,1554
19,1555
20,1556
21,1557
22,1558
23,1559
24,1560
1,1561
2,1562
3,1563
4,1564
5,1565
6,1566
7,1567
8,1568
9,1569
10,1570
11,1571
12,1572
13,1573
14,1574
15,1575
16,1576
17,1577
18,1578
19,1579
20,1580
21,1581
22,1582
23,1583
24,1584
1,1585
2,1586
3,1587
4,1588
5,1589
6,1590
7,1591
8,1592
9,1593
10,1594
11,1595
12,1596
13,1597
14,1598
15,1599
16,1600
17,1601
18,1602
19,1603
20,1604
21,1605
22,1606
23,1607
24,1608
1,1609
2,1610
3,1611
4,1612
5,1613
6,1614
7,1615
8,1616
9,1617
10,1618
11,1619
12,1620
13,1621
14,1622
15,1623
16,1624
17,1625
18,1626
19,1627
20,1628
21,1629
22,1630
23,1631
24,1632
1,1633
2,1634
3,1635
4,1636
5,1637
6,1638
7,1639
8,1640
9,1641
10,1642
11,1643
12,1644
13,1645
14,1646
15,1647
16,1648
17,1649
18,1650
19,1651
20,1652
21,1653
22,1654
23,1655
24,1656
1,1657
2,1658
3,1659
4,1660
5,1661
6,1662
7,1663
8,1664
9,1665
10,1666
11,1667
12,1668
13,1669
14,1670
15,1671
16,1672
17,1673
18,1674
19,1675
20,1676
21,1677
22,1678
23,1679
24,1680
1,1681
2,1682
3,1683
4,1684
5,1685
6,1686
7,1687
8,1688
9,1689
10,1690
11,1691
12,1692
13,1693
14,1694
15,1695
16,1696
17,1697
18,1698
19,1699
20,1700
21,1701
22,1702
23,1703
24,1704
1,1705
2,1706
3,1707
4,1708
5,1709
6,1710
7,1711
8,1712
9,1713
10,1714
11,1715
12,1716
13,1717
14,1718
15,1719
16,1720
17,1721
18,1722
19,1723
20,1724
21,1725
22,1726
23,1727
24,1728
1,1729
2,1730
3,1731
4,1732
5,1733
6,1734
7,1735
8,1736
9,1737
10,1738
11,1739
12,1740
13,1741
14,1742
15,1743
16,1744
17,1745
18,1746
19,1747
20,1748
21,1749
22,1750
23,1751
24,1752
1,1753
2,1754
3,1755
4,1756
5,1757
6,1758
7,1759
8,1760
9,1761
10,1762
11,1763
12,1764
13,1765
14,1766
15,1767
16,1768
17,1769
18,1770
19,1771
20,1772
21,1773
22,1774
23,1775
24,1776
1,1777
2,1778
3,1779
4,1780
5,1781
6,1782
7,1783
8,1784
9,1785
10,1786
11,1787
12,1788
13,1789
14,1790
15,1791
16,1792
17,1793
18,1794
19,1795
20,1796
21,1797
22,1798
23,1799
24,1800
1,1801
2,1802
3,1803
4,1804
5,1805
6,1806
7,1807
8,1808
9,1809
10,1810
11,1811
12,1812
13,1813
14,1814
15,1815
16,1816
17,1817
18,1818
19,1819
20,1820
21,1821
22,1822
23,1823
24,1824
1,1825
2,1826
3,1827
4,1828
5,1829
6,1830
7,1831
8,1832
9,1833
10,1834
11,1835
12,1836
13,1837
14,1838
15,1839
16,1840
17,1841
18,1842
19,1843
20,1844
21,1845
22,1846
23,1847
24,1848
1,1849
2,1850
3,1851
4,1852
5,1853
6,1854
7,1855
8,1856
9,1857
10,1858
11,1859
12,1860
13,1861
14,1862
15,1863
16,1864
17,1865
18,1866
19,1867
20,1868
21,1869
22,1870
23,1871
24,1872
1,1873
2,1874
3,1875
4,1876
5,1877
6,1878
7,1879
8,1880
9,1881
10,1882
11,1883
12,1884
13,1885
14,1886
15,1887
16,1888
17,1889
18,1890
19,1891
20,1892
21,1893
22,1894
23,1895
24,1896
1,1897
2,1898
3,1899
4,1900
5,1901
6,1902
7,1903
8,1904
9,1905
10,1906
11,1907
12,1908
13,1909
14,1910
15,1911
16,1912
17,1913
18,1914
19,1915
20,1916
21,1917
22,1918
23,1919
24,1920
1,1921
2,1922
3,1923
4,1924
5,1925
6,1926
7,1927
8,1928
9,1929
10,1930
11,1931
12,1932
13,1933
14,1934
15,1935
16,1936
17,1937
18,1938
19,1939
20,1940
21,1941
22,1942
23,1943
24,1944
1,1945
2,1946
3,1947
4,1948
5,1949
6,1950
7,1951
8,1952
9,1953
10,1954
11,1955
12,1956
13,1957
14,1958
15,1959
16,1960
17,1961
18,1962
19,1963
20,1964
21,1965
22,1966
23,1967
24,1968
1,1969
2,1970
3,1971
4,1972
5,1973
6,1974
7,1975
8,1976
9,1977
10,1978
11,1979
12,1980
13,1981
14,1982
15,1983
16,1984
17,1985
18,1986
19,1987
20,1988
21,1989
22,1990
23,1991
24,1992
1,1993
2,1994
3,1995
4,1996
5,1997
6,1998
7,1999
8,2000
9,2001
10,2002
11,2003
12,2004
13,2005
14,2006
15,2007
16,2008
17,2009
18,2010
19,2011
20,2012
21,2013
22,2014
23,2015
24,2016
1,2017
2,2018
3,2019
4,2020
5,2021
6,2022
7,2023
8,2024
9,2025
10,2026
11,2027
12,2028
13,2029
14,2030
15,2031
16,2032
17,2033
18,2034
19,2035
20,2036
21,2037
22,2038
23,2039
24,2040
1,2041
2,2042
3,2043
4,2044
5,2045
6,2046
7,2047
8,2048
9,2049
10,2050
11,2051
12,2052
13,2053
14,2054
15,2055
16,2056
17,2057
18,2058
19,2059
20,2060
21,2061
22,2062
23,2063
24,2064
1,2065
2,2066
3,2067
4,2068
5,2069
6,2070
7,2071
8,2072
9,2073
10,2074
11,2075
12,2076
13,2077
14,2078
15,2079
16,2080
17,2081
18,2082
19,2083
20,2084
21,2085
22,2086
23,2087
24,2088
1,2089
2,2090
3,2091
4,2092
5,2093
6,2094
7,2095
8,2096
9,2097
10,2098
11,2099
12,2100
13,2101
14,2102
15,2103
16,2104
17,2105
18,2106
19,2107
20,2108
21,2109
22,2110
23,2111
24,2112
1,2113
2,2114
3,2115
4,2116
5,2117
6,2118
7,2119
8,2120
9,2121
10,2122
11,2123
12,2124
13,2125
14,2126
15,2127
16,2128
17,2129
18,2130
19,2131
20,2132
21,2133
22,2134
23,2135
24,2136
1,2137
2,2138
3,2139
4,2140
5,2141
6,2142
7,2143
8,2144
9,2145
10,2146
11,2147
12,2148
13,2149
14,2150
15,2151
16,2152
17,2153
18,2154
19,2155
20,2156
21,2157
22,2158
23,2159
24,2160
1,2161
2,2162
3,2163
4,2164
5,2165
6,2166
7,2167
8,2168
9,2169
10,2170
11,2171
12,2172
13,2173
14,2174
15,2175
16,2176
17,2177
18,2178
19,2179
20,2180
21,2181
22,2182
23,2183
24,2184
1,2185
2,2186
3,2187
4,2188
5,2189
6,2190
7,2191
8,2192
9,2193
10,2194
11,2195
12,2196
13,2197
14,2198
15,2199
16,2200
17,2201
18,2202
19,2203
20,2204
21,2205
22,2206
23,2207
24,2208
1,2209
2,2210
3,2211
4,2212
5,2213
6,2214
7,2215
8,2216
9,2217
10,2218
11,2219
12,2220
13,2221
14,2222
15,2223
16,2224
17,2225
18,2226
19,2227
20,2228
21,2229
22,2230
23,2231
24,2232
1,2233
2,2234
3,2235
4,2236
5,2237
6,2238
7,2239
8,2240
9,2241
10,2242
11,2243
12,2244
13,2245
14,2246
15,2247
16,2248
17,2249
18,2250
19,2251
20,2252
21,2253
22,2254
23,2255
24,2256
1,2257
2,2258
3,2259
4,2260
5,2261
6,2262
7,2263
8,2264
9,2265
10,2266
11,2267
12,2268
13,2269
14,2270
15,2271
16,2272
17,2273
18,2274
19,2275
20,2276
21,2277
22,2278
23,2279
24,2280
1,2281
2,2282
3,2283
4,2284
5,2285
6,2286
7,2287
8,2288
9,2289
10,2290
11,2291
12,2292
13,2293
14,2294
15,2295
16,2296
17,2297
18,2298
19,2299
20,2300
21,2301
22,2302
23,2303
24,2304
1,2305
2,2306
3,2307
4,2308
5,2309
6,2310
7,2311
8,2312
9,2313
10,2314
11,2315
12,2316
13,2317
14,2318
15,2319
16,2320
17,2321
18,2322
19,2323
20,2324
21,2325
22,2326
23,2327
24,2328
1,2329
2,2330
3,2331
4,2332
5,2333
6,2334
7,2335
8,2336
9,2337
10,2338
11,2339
12,2340
13,2341
14,2342
15,2343
16,2344
17,2345
18,2346
19,2347
20,2348
21,2349
22,2350
23,2351
24,2352
1,2353
2,2354
3,2355
4,2356
5,2357
6,2358
7,2359
8,2360
9,2361
10,2362
11,2363
12,2364
13,2365
14,2366
15,2367
16,2368
17,2369
18,2370
19,2371
20,2372
21,2373
22,2374
23,2375
24,2376
1,2377
2,2378
3,2379
4,2380
5,2381
6,2382
7,2383
8,2384
9,2385
10,2386
11,2387
12,2388
13,2389
14,2390
15,2391
16,2392
17,2393
18,2394
19,2395
20,2396
21,2397
22,2398
23,2399
24,2400
1,2401
2,2402
3,2403
4,2404
5,2405
6,2406
7,2407
8,2408
9,2409
10,2410
11,2411
12,2412
13,2413
14,2414
15,2415
16,2416
17,2417
18,2418
19,2419
20,2420
21,2421
22,2422
23,2423
24,2424
1,2425
2,2426
3,2427
4,2428
5,2429
6,2430
7,2431
8,2432
9,2433
10,2434
11,2435
12,2436
13,2437
14,2438
15,2439
16,2440
17,2441
18,2442
19,2443
20,2444
21,2445
22,2446
23,2447
24,2448
1,2449
2,2450
3,2451
4,2452
5,2453
6,2454
7,2455
8,2456
9,2457
10,2458
11,2459
12,2460
13,2461
14,2462
15,2463
16,2464
17,2465
18,2466
19,2467
20,2468
21,2469
22,2470
23,2471
24,2472
1,2473
2,2474
3,2475
4,2476
5,2477
6,2478
7,2479
8,2480
9,2481
10,2482
11,2483
12,2484
13,2485
14,2486
15,2487
16,2488
17,2489
18,2490
19,2491
20,2492
21,2493
22,2494
23,2495
24,2496
1,2497
2,2498
3,2499
4,2500
5,2501
6,2502
7,2503
8,2504
9,2505
10,2506
11,2507
12,2508
13,2509
14,2510
15,2511
16,2512
17,2513
18,2514
19,2515
20,2516
21,2517
22,2518
23,2519
24,2520
1,2521
2,2522
3,2523
4,2524
5,2525
6,2526
7,2527
8,2528
9,2529
10,2530
11,2531
12,2532
13,2533
14,2534
15,2535
16,2536
17,2537
18,2538
19,2539
20,2540
21,2541
22,2542
23,2543
24,2544
1,2545
2,2546
3,2547
4,2548
5,2549
6,2550
7,2551
8,2552
9,2553
10,2554
11,2555
12,2556
13,2557
14,2558
15,2559
16,2560
17,2561
18,2562
19,2563
20,2564
21,2565
22,2566
23,2567
24,2568
1,2569
2,2570
3,2571
4,2572
5,2573
6,2574
7,2575
8,2576
9,2577
10,2578
11,2579
12,2580
13,2581
14,2582
15,2583
16,2584
17,2585
18,2586
19,2587
20,2588
21,2589
22,2590
23,2591
24,2592
1,2593
2,2594
3,2595
4,2596
5,2597
6,2598
7,2599
8,2600
9,2601
10,2602
11,2603
12,2604
13,2605
14,2606
15,2607
16,2608
17,2609
18,2610
19,2611
20,2612
21,2613
22,2614
23,2615
24,2616
1,2617
2,2618
3,2619
4,2620
5,2621
6,2622
7,2623
8,2624
9,2625
10,2626
11,2627
12,2628
13,2629
14,2630
15,2631
16,2632
17,2633
18,2634
19,2635
20,2636
21,2637
22,2638
23,2639
24,2640
1,2641
2,2642
3,2643
4,2644
5,2645
6,2646
7,2647
8,2648
9,2649
10,2650
11,2651
12,2652
13,2653
14,2654
15,2655
16,2656
17,2657
18,2658
19,2659
20,2660
21,2661
22,2662
23,2663
24,2664
1,2665
2,2666
3,2667
4,2668
5,2669
6,2670
7,2671
8,2672
9,2673
10,2674
11,2675
12,2676
13,2677
14,2678
15,2679
16,2680
17,2681
18,2682
19,2683
20,2684
21,2685
22,2686
23,2687
24,2688
1,2689
2,2690
3,2691
4,2692
5,2693
6,2694
7,2695
8,2696
9,2697
10,2698
11,2699
12,2700
13,2701
14,2702
15,2703
16,2704
17,2705
18,2706
19,2707
20,2708
21,2709
22,2710
23,2711
24,2712
1,2713
2,2714
3,2715
4,2716
5,2717
6,2718
7,2719
8,2720
9,2721
10,2722
11,2723
12,2724
13,2725
14,2726
15,2727
16,2728
17,2729
18,2730
19,2731
20,2732
21,2733
22,2734
23,2735
24,2736
1,2737
2,2738
3,2739
4,2740
5,2741
6,2742
7,2743
8,2744
9,2745
10,2746
11,2747
12,2748
13,2749
14,2750
15,2751
16,2752
17,2753
18,2754
19,2755
20,2756
21,2757
22,2758
23,2759
24,2760
1,2761
2,2762
3,2763
4,2764
5,2765
6,2766
7,2767
8,2768
9,2769
10,2770
11,2771
12,2772
13,2773
14,2774
15,2775
16,2776
17,2777
18,2778
19,2779
20,2780
21,2781
22,2782
23,2783
24,2784
1,2785
2,2786
3,2787
4,2788
5,2789
6,2790
7,2791
8,2792
9,2793
10,2794
11,2795
12,2796
13,2797
14,2798
15,2799
16,2800
17,2801
18,2802
19,2803
20,2804
21,2805
22,2806
23,2807
24,2808
1,2809
2,2810
3,2811
4,2812
5,2813
6,2814
7,2815
8,2816
9,2817
10,2818
11,2819
12,2820
13,2821
14,2822
15,2823
16,2824
17,2825
18,2826
19,2827
20,2828
21,2829
22,2830
23,2831
24,2832
1,2833
2,2834
3,2835
4,2836
5,2837
6,2838
7,2839
8,2840
9,2841
10,2842
11,2843
12,2844
13,2845
14,2846
15,2847
16,2848
17,2849
18,2850
19,2851
20,2852
21,2853
22,2854
23,2855
24,2856
1,2857
2,2858
3,2859
4,2860
5,2861
6,2862
7,2863
8,2864
9,2865
10,2866
11,2867
12,2868
13,2869
14,2870
15,2871
16,2872
17,2873
18,2874
19,2875
20,2876
21,2877
22,2878
23,2879
24,2880
1,2881
2,2882
3,2883
4,2884
5,2885
6,2886
7,2887
8,2888
9,2889
10,2890
11,2891
12,2892
13,2893
14,2894
15,2895
16,2896
17,2897
18,2898
19,2899
20,2900
21,2901
22,2902
23,2903
24,2904
1,2905
2,2906
3,2907
4,2908
5,2909
6,2910
7,2911
8,2912
9,2913
10,2914
11,2915
12,2916
13,2917
14,2918
15,2919
16,2920
17,2921
18,2922
19,2923
20,2924
21,2925
22,2926
23,2927
24,2928
1,2929
2,2930
3,2931
4,2932
5,2933
6,2934
7,2935
8,2936
9,2937
10,2938
11,2939
12,2940
13,2941
14,2942
15,2943
16,2944
17,2945
18,2946
19,2947
20,2948
21,2949
22,2950
23,2951
24,2952
1,2953
2,2954
3,2955
4,2956
5,2957
6,2958
7,2959
8,2960
9,2961
10,2962
11,2963
12,2964
13,2965
14,2966
15,2967
16,2968
17,2969
18,2970
19,2971
20,2972
21,2973
22,2974
23,2975
24,2976
1,2977
2,2978
3,2979
4,2980
5,2981
6,2982
7,2983
8,2984
9,2985
10,2986
11,2987
12,2988
13,2989
14,2990
15,2991
16,2992
17,2993
18,2994
19,2995
20,2996
21,2997
22,2998
23,2999
24,3000
1,3001
2,3002
3,3003
4,3004
5,3005
6,3006
7,3007
8,3008
9,3009
10,3010
11,3011
12,3012
13,3013
14,3014
15,3015
16,3016
17,3017
18,3018
19,3019
20,3020
21,3021
22,3022
23,3023
24,3024
1,3025
2,3026
3,3027
4,3028
5,3029
6,3030
7,3031
8,3032
9,3033
10,3034
11,3035
12,3036
13,3037
14,3038
15,3039
16,3040
17,3041
18,3042
19,3043
20,3044
21,3045
22,3046
23,3047
24,3048
1,3049
2,3050
3,3051
4,3052
5,3053
6,3054
7,3055
8,3056
9,3057
10,3058
11,3059
12,3060
13,3061
14,3062
15,3063
16,3064
17,3065
18,3066
19,3067
20,3068
21,3069
22,3070
23,3071
24,3072
1,3073
2,3074
3,3075
4,3076
5,3077
6,3078
7,3079
8,3080
9,3081
10,3082
11,3083
12,3084
13,3085
14,3086
15,3087
16,3088
17,3089
18,3090
19,3091
20,3092
21,3093
22,3094
23,3095
24,3096
1,3097
2,3098
3,3099
4,3100
5,3101
6,3102
7,3103
8,3104
9,3105
10,3106
11,3107
12,3108
13,3109
14,3110
15,3111
16,3112
17,3113
18,3114
19,3115
20,3116
21,3117
22,3118
23,3119
24,3120
1,3121
2,3122
3,3123
4,3124
5,3125
6,3126
7,3127
8,3128
9,3129
10,3130
11,3131
12,3132
13,3133
14,3134
15,3135
16,3136
17,3137
18,3138
19,3139
20,3140
21,3141
22,3142
23,3143
24,3144
1,3145
2,3146
3,3147
4,3148
5,3149
6,3150
7,3151
8,3152
9,3153
10,3154
11,3155
12,3156
13,3157
14,3158
15,3159
16,3160
17,3161
18,3162
19,3163
20,3164
21,3165
22,3166
23,3167
24,3168
1,3169
2,3170
3,3171
4,3172
5,3173
6,3174
7,3175
8,3176
9,3177
10,3178
11,3179
12,3180
13,3181
14,3182
15,3183
16,3184
17,3185
18,3186
19,3187
20,3188
21,3189
22,3190
23,3191
24,3192
1,3193
2,3194
3,3195
4,3196
5,3197
6,3198
7,3199
8,3200
9,3201
10,3202
11,3203
12,3204
13,3205
14,3206
15,3207
16,3208
17,3209
18,3210
19,3211
20,3212
21,3213
22,3214
23,3215
24,3216
1,3217
2,3218
3,3219
4,3220
5,3221
6,3222
7,3223
8,3224
9,3225
10,3226
11,3227
12,3228
13,3229
14,3230
15,3231
16,3232
17,3233
18,3234
19,3235
20,3236
21,3237
22,3238
23,3239
24,3240
1,3241
2,3242
3,3243
4,3244
5,3245
6,3246
7,3247
8,3248
9,3249
10,3250
11,3251
12,3252
13,3253
14,3254
15,3255
16,3256
17,3257
18,3258
19,3259
20,3260
21,3261
22,3262
23,3263
24,3264
1,3265
2,3266
3,3267
4,3268
5,3269
6,3270
7,3271
8,3272
9,3273
10,3274
11,3275
12,3276
13,3277
14,3278
15,3279
16,3280
17,3281
18,3282
19,3283
20,3284
21,3285
22,3286
23,3287
24,3288
1,3289
2,3290
3,3291
4,3292
5,3293
6,3294
7,3295
8,3296
9,3297
10,3298
11,3299
12,3300
13,3301
14,3302
15,3303
16,3304
17,3305
18,3306
19,3307
20,3308
21,3309
22,3310
23,3311
24,3312
1,3313
2,3314
3,3315
4,3316
5,3317
6,3318
7,3319
8,3320
9,3321
10,3322
11,3323
12,3324
13,3325
14,3326
15,3327
16,3328
17,3329
18,3330
19,3331
20,3332
21,3333
22,3334
23,3335
24,3336
1,3337
2,3338
3,3339
4,3340
5,3341
6,3342
7,3343
8,3344
9,3345
10,3346
11,3347
12,3348
13,3349
14,3350
15,3351
16,3352
17,3353
18,3354
19,3355
20,3356
21,3357
22,3358
23,3359
24,3360
1,3361
2,3362
3,3363
4,3364
5,3365
6,3366
7,3367
8,3368
9,3369
10,3370
11,3371
12,3372
13,3373
14,3374
15,3375
16,3376
17,3377
18,3378
19,3379
20,3380
21,3381
22,3382
23,3383
24,3384
1,3385
2,3386
3,3387
4,3388
5,3389
6,3390
7,3391
8,3392
9,3393
10,3394
11,3395
12,3396
13,3397
14,3398
15,3399
16,3400
17,3401
18,3402
19,3403
20,3404
21,3405
22,3406
23,3407
24,3408
1,3409
2,3410
3,3411
4,3412
5,3413
6,3414
7,3415
8,3416
9,3417
10,3418
11,3419
12,3420
13,3421
14,3422
15,3423
16,3424
17,3425
18,3426
19,3427
20,3428
21,3429
22,3430
23,3431
24,3432
1,3433
2,3434
3,3435
4,3436
5,3437
6,3438
7,3439
8,3440
9,3441
10,3442
11,3443
12,3444
13,3445
14,3446
15,3447
16,3448
17,3449
18,3450
19,3451
20,3452
21,3453
22,3454
23,3455
24,3456
1,3457
2,3458
3,3459
4,3460
5,3461
6,3462
7,3463
8,3464
9,3465
10,3466
11,3467
12,3468
13,3469
14,3470
15,3471
16,3472
17,3473
18,3474
19,3475
20,3476
21,3477
22,3478
23,3479
24,3480
1,3481
2,3482
3,3483
4,3484
5,3485
6,3486
7,3487
8,3488
9,3489
10,3490
11,3491
12,3492
13,3493
14,3494
15,3495
16,3496
17,3497
18,3498
19,3499
20,3500
21,3501
22,3502
23,3503
24,3504
1,3505
2,3506
3,3507
4,3508
5,3509
6,3510
7,3511
8,3512
9,3513
10,3514
11,3515
12,3516
13,3517
14,3518
15,3519
16,3520
17,3521
18,3522
19,3523
20,3524
21,3525
22,3526
23,3527
24,3528
1,3529
2,3530
3,3531
4,3532
5,3533
6,3534
7,3535
8,3536
9,3537
10,3538
11,3539
12,3540
13,3541
14,3542
15,3543
16,3544
17,3545
18,3546
19,3547
20,3548
21,3549
22,3550
23,3551
24,3552
1,3553
2,3554
3,3555
4,3556
5,3557
6,3558
7,3559
8,3560
9,3561
10,3562
11,3563
12,3564
13,3565
14,3566
15,3567
16,3568
17,3569
18,3570
19,3571
20,3572
21,3573
22,3574
23,3575
24,3576
1,3577
2,3578
3,3579
4,3580
5,3581
6,3582
7,3583
8,3584
9,3585
10,3586
11,3587
12,3588
13,3589
14,3590
15,3591
16,3592
17,3593
18,3594
19,3595
20,3596
21,3597
22,3598
23,3599
24,3600
1,3601
2,3602
3,3603
4,3604
5,3605
6,3606
7,3607
8,3608
9,3609
10,3610
11,3611
12,3612
13,3613
14,3614
15,3615
16,3616
17,3617
18,3618
19,3619
20,3620
21,3621
22,3622
23,3623
24,3624
1,3625
2,3626
3,3627
4,3628
5,3629
6,3630
7,3631
8,3632
9,3633
10,3634
11,3635
12,3636
13,3637
14,3638
15,3639
16,3640
17,3641
18,3642
19,3643
20,3644
21,3645
22,3646
23,3647
24,3648
1,3649
2,3650
3,3651
4,3652
5,3653
6,3654
7,3655
8,3656
9,3657
10,3658
11,3659
12,3660
13,3661
14,3662
15,3663
16,3664
17,3665
18,3666
19,3667
20,3668
21,3669
22,3670
23,3671
24,3672
1,3673
2,3674
3,3675
4,3676
5,3677
6,3678
7,3679
8,3680
9,3681
10,3682
11,3683
12,3684
13,3685
14,3686
15,3687
16,3688
17,3689
18,3690
19,3691
20,3692
21,3693
22,3694
23,3695
24,3696
1,3697
2,3698
3,3699
4,3700
5,3701
6,3702
7,3703
8,3704
9,3705
10,3706
11,3707
12,3708
13,3709
14,3710
15,3711
16,3712
17,3713
18,3714
19,3715
20,3716
21,3717
22,3718
23,3719
24,3720
1,3721
2,3722
3,3723
4,3724
5,3725
6,3726
7,3727
8,3728
9,3729
10,3730
11,3731
12,3732
13,3733
14,3734
15,3735
16,3736
17,3737
18,3738
19,3739
20,3740
21,3741
22,3742
23,3743
24,3744
1,3745
2,3746
3,3747
4,3748
5,3749
6,3750
7,3751
8,3752
9,3753
10,3754
11,3755
12,3756
13,3757
14,3758
15,3759
16,3760
17,3761
18,3762
19,3763
20,3764
21,3765
22,3766
23,3767
24,3768
1,3769
2,3770
3,3771
4,3772
5,3773
6,3774
7,3775
8,3776
9,3777
10,3778
11,3779
12,3780
13,3781
14,3782
15,3783
16,3784
17,3785
18,3786
19,3787
20,3788
21,3789
22,3790
23,3791
24,3792
1,3793
2,3794
3,3795
4,3796
5,3797
6,3798
7,3799
8,3800
9,3801
10,3802
11,3803
12,3804
13,3805
14,3806
15,3807
16,3808
17,3809
18,3810
19,3811
20,3812
21,3813
22,3814
23,3815
24,3816
1,3817
2,3818
3,3819
4,3820
5,3821
6,3822
7,3823
8,3824
9,3825
10,3826
11,3827
12,3828
13,3829
14,3830
15,3831
16,3832
17,3833
18,3834
19,3835
20,3836
21,3837
22,3838
23,3839
24,3840
1,3841
2,3842
3,3843
4,3844
5,3845
6,3846
7,3847
8,3848
9,3849
10,3850
11,3851
12,3852
13,3853
14,3854
15,3855
16,3856
17,3857
18,3858
19,3859
20,3860
21,3861
22,3862
23,3863
24,3864
1,3865
2,3866
3,3867
4,3868
5,3869
6,3870
7,3871
8,3872
9,3873
10,3874
11,3875
12,3876
13,3877
14,3878
15,3879
16,3880
17,3881
18,3882
19,3883
20,3884
21,3885
22,3886
23,3887
24,3888
1,3889
2,3890
3,3891
4,3892
5,3893
6,3894
7,3895
8,3896
9,3897
10,3898
11,3899
12,3900
13,3901
14,3902
15,3903
16,3904
17,3905
18,3906
19,3907
20,3908
21,3909
22,3910
23,3911
24,3912
1,3913
2,3914
3,3915
4,3916
5,3917
6,3918
7,3919
8,3920
9,3921
10,3922
11,3923
12,3924
13,3925
14,3926
15,3927
16,3928
17,3929
18,3930
19,3931
20,3932
21,3933
22,3934
23,3935
24,3936
1,3937
2,3938
3,3939
4,3940
5,3941
6,3942
7,3943
8,3944
9,3945
10,3946
11,3947
12,3948
13,3949
14,3950
15,3951
16,3952
17,3953
18,3954
19,3955
20,3956
21,3957
22,3958
23,3959
24,3960
1,3961
2,3962
3,3963
4,3964
5,3965
6,3966
7,3967
8,3968
9,3969
10,3970
11,3971
12,3972
13,3973
14,3974
15,3975
16,3976
17,3977
18,3978
19,3979
20,3980
21,3981
22,3982
23,3983
24,3984
1,3985
2,3986
3,3987
4,3988
5,3989
6,3990
7,3991
8,3992
9,3993
10,3994
11,3995
12,3996
13,3997
14,3998
15,3999
16,4000
17,4001
18,4002
19,4003
20,4004
21,4005
22,4006
23,4007
24,4008
1,4009
2,4010
3,4011
4,4012
5,4013
6,4014
7,4015
8,4016
9,4017
10,4018
11,4019
12,4020
13,4021
14,4022
15,4023
16,4024
17,4025
18,4026
19,4027
20,4028
21,4029
22,4030
23,4031
24,4032
1,4033
2,4034
3,4035
4,4036
5,4037
6,4038
7,4039
8,4040
9,4041
10,4042
11,4043
12,4044
13,4045
14,4046
15,4047
16,4048
17,4049
18,4050
19,4051
20,4052
21,4053
22,4054
23,4055
24,4056
1,4057
2,4058
3,4059
4,4060
5,4061
6,4062
7,4063
8,4064
9,4065
10,4066
11,4067
12,4068
13,4069
14,4070
15,4071
16,4072
17,4073
18,4074
19,4075
20,4076
21,4077
22,4078
23,4079
24,4080
1,4081
2,4082
3,4083
4,4084
5,4085
6,4086
7,4087
8,4088
9,4089
10,4090
11,4091
12,4092
13,4093
14,4094
15,4095
16,4096
17,4097
18,4098
19,4099
20,4100
21,4101
22,4102
23,4103
24,4104
1,4105
2,4106
3,4107
4,4108
5,4109
6,4110
7,4111
8,4112
9,4113
10,4114
11,4115
12,4116
13,4117
14,4118
15,4119
16,4120
17,4121
18,4122
19,4123
20,4124
21,4125
22,4126
23,4127
24,4128
1,4129
2,4130
3,4131
4,4132
5,4133
6,4134
7,4135
8,4136
9,4137
10,4138
11,4139
12,4140
13,4141
14,4142
15,4143
16,4144
17,4145
18,4146
19,4147
20,4148
21,4149
22,4150
23,4151
24,4152
1,4153
2,4154
3,4155
4,4156
5,4157
6,4158
7,4159
8,4160
9,4161
10,4162
11,4163
12,4164
13,4165
14,4166
15,4167
16,4168
17,4169
18,4170
19,4171
20,4172
21,4173
22,4174
23,4175
24,4176
1,4177
2,4178
3,4179
4,4180
5,4181
6,4182
7,4183
8,4184
9,4185
10,4186
11,4187
12,4188
13,4189
14,4190
15,4191
16,4192
17,4193
18,4194
19,4195
20,4196
21,4197
22,4198
23,4199
24,4200
1,4201
2,4202
3,4203
4,4204
5,4205
6,4206
7,4207
8,4208
9,4209
10,4210
11,4211
12,4212
13,4213
14,4214
15,4215
16,4216
17,4217
18,4218
19,4219
20,4220
21,4221
22,4222
23,4223
24,4224
1,4225
2,4226
3,4227
4,4228
5,4229
6,4230
7,4231
8,4232
9,4233
10,4234
11,4235
12,4236
13,4237
14,4238
15,4239
16,4240
17,4241
18,4242
19,4243
20,4244
21,4245
22,4246
23,4247
24,4248
1,4249
2,4250
3,4251
4,4252
5,4253
6,4254
7,4255
8,4256
9,4257
10,4258
11,4259
12,4260
13,4261
14,4262
15,4263
16,4264
17,4265
18,4266
19,4267
20,4268
21,4269
22,4270
23,4271
24,4272
1,4273
2,4274
3,4275
4,4276
5,4277
6,4278
7,4279
8,4280
9,4281
10,4282
11,4283
12,4284
13,4285
14,4286
15,4287
16,4288
17,4289
18,4290
19,4291
20,4292
21,4293
22,4294
23,4295
24,4296
1,4297
2,4298
3,4299
4,4300
5,4301
6,4302
7,4303
8,4304
9,4305
10,4306
11,4307
12,4308
13,4309
14,4310
15,4311
16,4312
17,4313
18,4314
19,4315
20,4316
21,4317
22,4318
23,4319
24,4320
1,4321
2,4322
3,4323
4,4324
5,4325
6,4326
7,4327
8,4328
9,4329
10,4330
11,4331
12,4332
13,4333
14,4334
15,4335
16,4336
17,4337
18,4338
19,4339
20,4340
21,4341
22,4342
23,4343
24,4344
1,4345
2,4346
3,4347
4,4348
5,4349
6,4350
7,4351
8,4352
9,4353
10,4354
11,4355
12,4356
13,4357
14,4358
15,4359
16,4360
17,4361
18,4362
19,4363
20,4364
21,4365
22,4366
23,4367
24,4368
1,4369
2,4370
3,4371
4,4372
5,4373
6,4374
7,4375
8,4376
9,4377
10,4378
11,4379
12,4380
13,4381
14,4382
15,4383
16,4384
17,4385
18,4386
19,4387
20,4388
21,4389
22,4390
23,4391
24,4392
1,4393
2,4394
3,4395
4,4396
5,4397
6,4398
7,4399
8,4400
9,4401
10,4402
11,4403
12,4404
13,4405
14,4406
15,4407
16,4408
17,4409
18,4410
19,4411
20,4412
21,4413
22,4414
23,4415
24,4416
1,4417
2,4418
3,4419
4,4420
5,4421
6,4422
7,4423
8,4424
9,4425
10,4426
11,4427
12,4428
13,4429
14,4430
15,4431
16,4432
17,4433
18,4434
19,4435
20,4436
21,4437
22,4438
23,4439
24,4440
1,4441
2,4442
3,4443
4,4444
5,4445
6,4446
7,4447
8,4448
9,4449
10,4450
11,4451
12,4452
13,4453
14,4454
15,4455
16,4456
17,4457
18,4458
19,4459
20,4460
21,4461
22,4462
23,4463
24,4464
1,4465
2,4466
3,4467
4,4468
5,4469
6,4470
7,4471
8,4472
9,4473
10,4474
11,4475
12,4476
13,4477
14,4478
15,4479
16,4480
17,4481
18,4482
19,4483
20,4484
21,4485
22,4486
23,4487
24,4488
1,4489
2,4490
3,4491
4,4492
5,4493
6,4494
7,4495
8,4496
9,4497
10,4498
11,4499
12,4500
13,4501
14,4502
15,4503
16,4504
17,4505
18,4506
19,4507
20,4508
21,4509
22,4510
23,4511
24,4512
1,4513
2,4514
3,4515
4,4516
5,4517
6,4518
7,4519
8,4520
9,4521
10,4522
11,4523
12,4524
13,4525
14,4526
15,4527
16,4528
17,4529
18,4530
19,4531
20,4532
21,4533
22,4534
23,4535
24,4536
1,4537
2,4538
3,4539
4,4540
5,4541
6,4542
7,4543
8,4544
9,4545
10,4546
11,4547
12,4548
13,4549
14,4550
15,4551
16,4552
17,4553
18,4554
19,4555
20,4556
21,4557
22,4558
23,4559
24,4560
1,4561
2,4562
3,4563
4,4564
5,4565
6,4566
7,4567
8,4568
9,4569
10,4570
11,4571
12,4572
13,4573
14,4574
15,4575
16,4576
17,4577
18,4578
19,4579
20,4580
21,4581
22,4582
23,4583
24,4584
1,4585
2,4586
3,4587
4,4588
5,4589
6,4590
7,4591
8,4592
9,4593
10,4594
11,4595
12,4596
13,4597
14,4598
15,4599
16,4600
17,4601
18,4602
19,4603
20,4604
21,4605
22,4606
23,4607
24,4608
1,4609
2,4610
3,4611
4,4612
5,4613
6,4614
7,4615
8,4616
9,4617
10,4618
11,4619
12,4620
13,4621
14,4622
15,4623
16,4624
17,4625
18,4626
19,4627
20,4628
21,4629
22,4630
23,4631
24,4632
1,4633
2,4634
3,4635
4,4636
5,4637
6,4638
7,4639
8,4640
9,4641
10,4642
11,4643
12,4644
13,4645
14,4646
15,4647
16,4648
17,4649
18,4650
19,4651
20,4652
21,4653
22,4654
23,4655
24,4656
1,4657
2,4658
3,4659
4,4660
5,4661
6,4662
7,4663
8,4664
9,4665
10,4666
11,4667
12,4668
13,4669
14,4670
15,4671
16,4672
17,4673
18,4674
19,4675
20,4676
21,4677
22,4678
23,4679
24,4680
1,4681
2,4682
3,4683
4,4684
5,4685
6,4686
7,4687
8,4688
9,4689
10,4690
11,4691
12,4692
13,4693
14,4694
15,4695
16,4696
17,4697
18,4698
19,4699
20,4700
21,4701
22,4702
23,4703
24,4704
1,4705
2,4706
3,4707
4,4708
5,4709
6,4710
7,4711
8,4712
9,4713
10,4714
11,4715
12,4716
13,4717
14,4718
15,4719
16,4720
17,4721
18,4722
19,4723
20,4724
21,4725
22,4726
23,4727
24,4728
1,4729
2,4730
3,4731
4,4732
5,4733
6,4734
7,4735
8,4736
9,4737
10,4738
11,4739
12,4740
13,4741
14,4742
15,4743
16,4744
17,4745
18,4746
19,4747
20,4748
21,4749
22,4750
23,4751
24,4752
1,4753
2,4754
3,4755
4,4756
5,4757
6,4758
7,4759
8,4760
9,4761
10,4762
11,4763
12,4764
13,4765
14,4766
15,4767
16,4768
17,4769
18,4770
19,4771
20,4772
21,4773
22,4774
23,4775
24,4776
1,4777
2,4778
3,4779
4,4780
5,4781
6,4782
7,4783
8,4784
9,4785
10,4786
11,4787
12,4788
13,4789
14,4790
15,4791
16,4792
17,4793
18,4794
19,4795
20,4796
21,4797
22,4798
23,4799
24,4800
1,4801
2,4802
3,4803
4,4804
5,4805
6,4806
7,4807
8,4808
9,4809
10,4810
11,4811
12,4812
13,4813
14,4814
15,4815
16,4816
17,4817
18,4818
19,4819
20,4820
21,4821
22,4822
23,4823
24,4824
1,4825
2,4826
3,4827
4,4828
5,4829
6,4830
7,4831
8,4832
9,4833
10,4834
11,4835
12,4836
13,4837
14,4838
15,4839
16,4840
17,4841
18,4842
19,4843
20,4844
21,4845
22,4846
23,4847
24,4848
1,4849
2,4850
3,4851
4,4852
5,4853
6,4854
7,4855
8,4856
9,4857
10,4858
11,4859
12,4860
13,4861
14,4862
15,4863
16,4864
17,4865
18,4866
19,4867
20,4868
21,4869
22,4870
23,4871
24,4872
1,4873
2,4874
3,4875
4,4876
5,4877
6,4878
7,4879
8,4880
9,4881
10,4882
11,4883
12,4884
13,4885
14,4886
15,4887
16,4888
17,4889
18,4890
19,4891
20,4892
21,4893
22,4894
23,4895
24,4896
1,4897
2,4898
3,4899
4,4900
5,4901
6,4902
7,4903
8,4904
9,4905
10,4906
11,4907
12,4908
13,4909
14,4910
15,4911
16,4912
17,4913
18,4914
19,4915
20,4916
21,4917
22,4918
23,4919
24,4920
1,4921
2,4922
3,4923
4,4924
5,4925
6,4926
7,4927
8,4928
9,4929
10,4930
11,4931
12,4932
13,4933
14,4934
15,4935
16,4936
17,4937
18,4938
19,4939
20,4940
21,4941
22,4942
23,4943
24,4944
1,4945
2,4946
3,4947
4,4948
5,4949
6,4950
7,4951
8,4952
9,4953
10,4954
11,4955
12,4956
13,4957
14,4958
15,4959
16,4960
17,4961
18,4962
19,4963
20,4964
21,4965
22,4966
23,4967
24,4968
1,4969
2,4970
3,4971
4,4972
5,4973
6,4974
7,4975
8,4976
9,4977
10,4978
11,4979
12,4980
13,4981
14,4982
15,4983
16,4984
17,4985
18,4986
19,4987
20,4988
21,4989
22,4990
23,4991
24,4992
1,4993
2,4994
3,4995
4,4996
5,4997
6,4998
7,4999
8,5000
9,5001
10,5002
11,5003
12,5004
13,5005
14,5006
15,5007
16,5008
17,5009
18,5010
19,5011
20,5012
21,5013
22,5014
23,5015
24,5016
1,5017
2,5018
3,5019
4,5020
5,5021
6,5022
7,5023
8,5024
9,5025
10,5026
11,5027
12,5028
13,5029
14,5030
15,5031
16,5032
17,5033
18,5034
19,5035
20,5036
21,5037
22,5038
23,5039
24,5040
1,5041
2,5042
3,5043
4,5044
5,5045
6,5046
7,5047
8,5048
9,5049
10,5050
11,5051
12,5052
13,5053
14,5054
15,5055
16,5056
17,5057
18,5058
19,5059
20,5060
21,5061
22,5062
23,5063
24,5064
1,5065
2,5066
3,5067
4,5068
5,5069
6,5070
7,5071
8,5072
9,5073
10,5074
11,5075
12,5076
13,5077
14,5078
15,5079
16,5080
17,5081
18,5082
19,5083
20,5084
21,5085
22,5086
23,5087
24,5088
1,5089
2,5090
3,5091
4,5092
5,5093
6,5094
7,5095
8,5096
9,5097
10,5098
11,5099
12,5100
13,5101
14,5102
15,5103
16,5104
17,5105
18,5106
19,5107
20,5108
21,5109
22,5110
23,5111
24,5112
1,5113
2,5114
3,5115
4,5116
5,5117
6,5118
7,5119
8,5120
9,5121
10,5122
11,5123
12,5124
13,5125
14,5126
15,5127
16,5128
17,5129
18,5130
19,5131
20,5132
21,5133
22,5134
23,5135
24,5136
1,5137
2,5138
3,5139
4,5140
5,5141
6,5142
7,5143
8,5144
9,5145
10,5146
11,5147
12,5148
13,5149
14,5150
15,5151
16,5152
17,5153
18,5154
19,5155
20,5156
21,5157
22,5158
23,5159
24,5160
1,5161
2,5162
3,5163
4,5164
5,5165
6,5166
7,5167
8,5168
9,5169
10,5170
11,5171
12,5172
13,5173
14,5174
15,5175
16,5176
17,5177
18,5178
19,5179
20,5180
21,5181
22,5182
23,5183
24,5184
1,5185
2,5186
3,5187
4,5188
5,5189
6,5190
7,5191
8,5192
9,5193
10,5194
11,5195
12,5196
13,5197
14,5198
15,5199
16,5200
17,5201
18,5202
19,5203
20,5204
21,5205
22,5206
23,5207
24,5208
1,5209
2,5210
3,5211
4,5212
5,5213
6,5214
7,5215
8,5216
9,5217
10,5218
11,5219
12,5220
13,5221
14,5222
15,5223
16,5224
17,5225
18,5226
19,5227
20,5228
21,5229
22,5230
23,5231
24,5232
1,5233
2,5234
3,5235
4,5236
5,5237
6,5238
7,5239
8,5240
9,5241
10,5242
11,5243
12,5244
13,5245
14,5246
15,5247
16,5248
17,5249
18,5250
19,5251
20,5252
21,5253
22,5254
23,5255
24,5256
1,5257
2,5258
3,5259
4,5260
5,5261
6,5262
7,5263
8,5264
9,5265
10,5266
11,5267
12,5268
13,5269
14,5270
15,5271
16,5272
17,5273
18,5274
19,5275
20,5276
21,5277
22,5278
23,5279
24,5280
1,5281
2,5282
3,5283
4,5284
5,5285
6,5286
7,5287
8,5288
9,5289
10,5290
11,5291
12,5292
13,5293
14,5294
15,5295
16,5296
17,5297
18,5298
19,5299
20,5300
21,5301
22,5302
23,5303
24,5304
1,5305
2,5306
3,5307
4,5308
5,5309
6,5310
7,5311
8,5312
9,5313
10,5314
11,5315
12,5316
13,5317
14,5318
15,5319
16,5320
17,5321
18,5322
19,5323
20,5324
21,5325
22,5326
23,5327
24,5328
1,5329
2,5330
3,5331
4,5332
5,5333
6,5334
7,5335
8,5336
9,5337
10,5338
11,5339
12,5340
13,5341
14,5342
15,5343
16,5344
17,5345
18,5346
19,5347
20,5348
21,5349
22,5350
23,5351
24,5352
1,5353
2,5354
3,5355
4,5356
5,5357
6,5358
7,5359
8,5360
9,5361
10,5362
11,5363
12,5364
13,5365
14,5366
15,5367
16,5368
17,5369
18,5370
19,5371
20,5372
21,5373
22,5374
23,5375
24,5376
1,5377
2,5378
3,5379
4,5380
5,5381
6,5382
7,5383
8,5384
9,5385
10,5386
11,5387
12,5388
13,5389
14,5390
15,5391
16,5392
17,5393
18,5394
19,5395
20,5396
21,5397
22,5398
23,5399
24,5400
1,5401
2,5402
3,5403
4,5404
5,5405
6,5406
7,5407
8,5408
9,5409
10,5410
11,5411
12,5412
13,5413
14,5414
15,5415
16,5416
17,5417
18,5418
19,5419
20,5420
21,5421
22,5422
23,5423
24,5424
1,5425
2,5426
3,5427
4,5428
5,5429
6,5430
7,5431
8,5432
9,5433
10,5434
11,5435
12,5436
13,5437
14,5438
15,5439
16,5440
17,5441
18,5442
19,5443
20,5444
21,5445
22,5446
23,5447
24,5448
1,5449
2,5450
3,5451
4,5452
5,5453
6,5454
7,5455
8,5456
9,5457
10,5458
11,5459
12,5460
13,5461
14,5462
15,5463
16,5464
17,5465
18,5466
19,5467
20,5468
21,5469
22,5470
23,5471
24,5472
1,5473
2,5474
3,5475
4,5476
5,5477
6,5478
7,5479
8,5480
9,5481
10,5482
11,5483
12,5484
13,5485
14,5486
15,5487
16,5488
17,5489
18,5490
19,5491
20,5492
21,5493
22,5494
23,5495
24,5496
1,5497
2,5498
3,5499
4,5500
5,5501
6,5502
7,5503
8,5504
9,5505
10,5506
11,5507
12,5508
13,5509
14,5510
15,5511
16,5512
17,5513
18,5514
19,5515
20,5516
21,5517
22,5518
23,5519
24,5520
1,5521
2,5522
3,5523
4,5524
5,5525
6,5526
7,5527
8,5528
9,5529
10,5530
11,5531
12,5532
13,5533
14,5534
15,5535
16,5536
17,5537
18,5538
19,5539
20,5540
21,5541
22,5542
23,5543
24,5544
1,5545
2,5546
3,5547
4,5548
5,5549
6,5550
7,5551
8,5552
9,5553
10,5554
11,5555
12,5556
13,5557
14,5558
15,5559
16,5560
17,5561
18,5562
19,5563
20,5564
21,5565
22,5566
23,5567
24,5568
1,5569
2,5570
3,5571
4,5572
5,5573
6,5574
7,5575
8,5576
9,5577
10,5578
11,5579
12,5580
13,5581
14,5582
15,5583
16,5584
17,5585
18,5586
19,5587
20,5588
21,5589
22,5590
23,5591
24,5592
1,5593
2,5594
3,5595
4,5596
5,5597
6,5598
7,5599
8,5600
9,5601
10,5602
11,5603
12,5604
13,5605
14,5606
15,5607
16,5608
17,5609
18,5610
19,5611
20,5612
21,5613
22,5614
23,5615
24,5616
1,5617
2,5618
3,5619
4,5620
5,5621
6,5622
7,5623
8,5624
9,5625
10,5626
11,5627
12,5628
13,5629
14,5630
15,5631
16,5632
17,5633
18,5634
19,5635
20,5636
21,5637
22,5638
23,5639
24,5640
1,5641
2,5642
3,5643
4,5644
5,5645
6,5646
7,5647
8,5648
9,5649
10,5650
11,5651
12,5652
13,5653
14,5654
15,5655
16,5656
17,5657
18,5658
19,5659
20,5660
21,5661
22,5662
23,5663
24,5664
1,5665
2,5666
3,5667
4,5668
5,5669
6,5670
7,5671
8,5672
9,5673
10,5674
11,5675
12,5676
13,5677
14,5678
15,5679
16,5680
17,5681
18,5682
19,5683
20,5684
21,5685
22,5686
23,5687
24,5688
1,5689
2,5690
3,5691
4,5692
5,5693
6,5694
7,5695
8,5696
9,5697
10,5698
11,5699
12,5700
13,5701
14,5702
15,5703
16,5704
17,5705
18,5706
19,5707
20,5708
21,5709
22,5710
23,5711
24,5712
1,5713
2,5714
3,5715
4,5716
5,5717
6,5718
7,5719
8,5720
9,5721
10,5722
11,5723
12,5724
13,5725
14,5726
15,5727
16,5728
17,5729
18,5730
19,5731
20,5732
21,5733
22,5734
23,5735
24,5736
1,5737
2,5738
3,5739
4,5740
5,5741
6,5742
7,5743
8,5744
9,5745
10,5746
11,5747
12,5748
13,5749
14,5750
15,5751
16,5752
17,5753
18,5754
19,5755
20,5756
21,5757
22,5758
23,5759
24,5760
1,5761
2,5762
3,5763
4,5764
5,5765
6,5766
7,5767
8,5768
9,5769
10,5770
11,5771
12,5772
13,5773
14,5774
15,5775
16,5776
17,5777
18,5778
19,5779
20,5780
21,5781
22,5782
23,5783
24,5784
1,5785
2,5786
3,5787
4,5788
5,5789
6,5790
7,5791
8,5792
9,5793
10,5794
11,5795
12,5796
13,5797
14,5798
15,5799
16,5800
17,5801
18,5802
19,5803
20,5804
21,5805
22,5806
23,5807
24,5808
1,5809
2,5810
3,5811
4,5812
5,5813
6,5814
7,5815
8,5816
9,5817
10,5818
11,5819
12,5820
13,5821
14,5822
15,5823
16,5824
17,5825
18,5826
19,5827
20,5828
21,5829
22,5830
23,5831
24,5832
1,5833
2,5834
3,5835
4,5836
5,5837
6,5838
7,5839
8,5840
9,5841
10,5842
11,5843
12,5844
13,5845
14,5846
15,5847
16,5848
17,5849
18,5850
19,5851
20,5852
21,5853
22,5854
23,5855
24,5856
1,5857
2,5858
3,5859
4,5860
5,5861
6,5862
7,5863
8,5864
9,5865
10,5866
11,5867
12,5868
13,5869
14,5870
15,5871
16,5872
17,5873
18,5874
19,5875
20,5876
21,5877
22,5878
23,5879
24,5880
1,5881
2,5882
3,5883
4,5884
5,5885
6,5886
7,5887
8,5888
9,5889
10,5890
11,5891
12,5892
13,5893
14,5894
15,5895
16,5896
17,5897
18,5898
19,5899
20,5900
21,5901
22,5902
23,5903
24,5904
1,5905
2,5906
3,5907
4,5908
5,5909
6,5910
7,5911
8,5912
9,5913
10,5914
11,5915
12,5916
13,5917
14,5918
15,5919
16,5920
17,5921
18,5922
19,5923
20,5924
21,5925
22,5926
23,5927
24,5928
1,5929
2,5930
3,5931
4,5932
5,5933
6,5934
7,5935
8,5936
9,5937
10,5938
11,5939
12,5940
13,5941
14,5942
15,5943
16,5944
17,5945
18,5946
19,5947
20,5948
21,5949
22,5950
23,5951
24,5952
1,5953
2,5954
3,5955
4,5956
5,5957
6,5958
7,5959
8,5960
9,5961
10,5962
11,5963
12,5964
13,5965
14,5966
15,5967
16,5968
17,5969
18,5970
19,5971
20,5972
21,5973
22,5974
23,5975
24,5976
1,5977
2,5978
3,5979
4,5980
5,5981
6,5982
7,5983
8,5984
9,5985
10,5986
11,5987
12,5988
13,5989
14,5990
15,5991
16,5992
17,5993
18,5994
19,5995
20,5996
21,5997
22,5998
23,5999
24,6000
1,6001
2,6002
3,6003
4,6004
5,6005
6,6006
7,6007
8,6008
9,6009
10,6010
11,6011
12,6012
13,6013
14,6014
15,6015
16,6016
17,6017
18,6018
19,6019
20,6020
21,6021
22,6022
23,6023
24,6024
1,6025
2,6026
3,6027
4,6028
5,6029
6,6030
7,6031
8,6032
9,6033
10,6034
11,6035
12,6036
13,6037
14,6038
15,6039
16,6040
17,6041
18,6042
19,6043
20,6044
21,6045
22,6046
23,6047
24,6048
1,6049
2,6050
3,6051
4,6052
5,6053
6,6054
7,6055
8,6056
9,6057
10,6058
11,6059
12,6060
13,6061
14,6062
15,6063
16,6064
17,6065
18,6066
19,6067
20,6068
21,6069
22,6070
23,6071
24,6072
1,6073
2,6074
3,6075
4,6076
5,6077
6,6078
7,6079
8,6080
9,6081
10,6082
11,6083
12,6084
13,6085
14,6086
15,6087
16,6088
17,6089
18,6090
19,6091
20,6092
21,6093
22,6094
23,6095
24,6096
1,6097
2,6098
3,6099
4,6100
5,6101
6,6102
7,6103
8,6104
9,6105
10,6106
11,6107
12,6108
13,6109
14,6110
15,6111
16,6112
17,6113
18,6114
19,6115
20,6116
21,6117
22,6118
23,6119
24,6120
1,6121
2,6122
3,6123
4,6124
5,6125
6,6126
7,6127
8,6128
9,6129
10,6130
11,6131
12,6132
13,6133
14,6134
15,6135
16,6136
17,6137
18,6138
19,6139
20,6140
21,6141
22,6142
23,6143
24,6144
1,6145
2,6146
3,6147
4,6148
5,6149
6,6150
7,6151
8,6152
9,6153
10,6154
11,6155
12,6156
13,6157
14,6158
15,6159
16,6160
17,6161
18,6162
19,6163
20,6164
21,6165
22,6166
23,6167
24,6168
1,6169
2,6170
3,6171
4,6172
5,6173
6,6174
7,6175
8,6176
9,6177
10,6178
11,6179
12,6180
13,6181
14,6182
15,6183
16,6184
17,6185
18,6186
19,6187
20,6188
21,6189
22,6190
23,6191
24,6192
1,6193
2,6194
3,6195
4,6196
5,6197
6,6198
7,6199
8,6200
9,6201
10,6202
11,6203
12,6204
13,6205
14,6206
15,6207
16,6208
17,6209
18,6210
19,6211
20,6212
21,6213
22,6214
23,6215
24,6216
1,6217
2,6218
3,6219
4,6220
5,6221
6,6222
7,6223
8,6224
9,6225
10,6226
11,6227
12,6228
13,6229
14,6230
15,6231
16,6232
17,6233
18,6234
19,6235
20,6236
21,6237
22,6238
23,6239
24,6240
1,6241
2,6242
3,6243
4,6244
5,6245
6,6246
7,6247
8,6248
9,6249
10,6250
11,6251
12,6252
13,6253
14,6254
15,6255
16,6256
17,6257
18,6258
19,6259
20,6260
21,6261
22,6262
23,6263
24,6264
1,6265
2,6266
3,6267
4,6268
5,6269
6,6270
7,6271
8,6272
9,6273
10,6274
11,6275
12,6276
13,6277
14,6278
15,6279
16,6280
17,6281
18,6282
19,6283
20,6284
21,6285
22,6286
23,6287
24,6288
1,6289
2,6290
3,6291
4,6292
5,6293
6,6294
7,6295
8,6296
9,6297
10,6298
11,6299
12,6300
13,6301
14,6302
15,6303
16,6304
17,6305
18,6306
19,6307
20,6308
21,6309
22,6310
23,6311
24,6312
1,6313
2,6314
3,6315
4,6316
5,6317
6,6318
7,6319
8,6320
9,6321
10,6322
11,6323
12,6324
13,6325
14,6326
15,6327
16,6328
17,6329
18,6330
19,6331
20,6332
21,6333
22,6334
23,6335
24,6336
1,6337
2,6338
3,6339
4,6340
5,6341
6,6342
7,6343
8,6344
9,6345
10,6346
11,6347
12,6348
13,6349
14,6350
15,6351
16,6352
17,6353
18,6354
19,6355
20,6356
21,6357
22,6358
23,6359
24,6360
1,6361
2,6362
3,6363
4,6364
5,6365
6,6366
7,6367
8,6368
9,6369
10,6370
11,6371
12,6372
13,6373
14,6374
15,6375
16,6376
17,6377
18,6378
19,6379
20,6380
21,6381
22,6382
23,6383
24,6384
1,6385
2,6386
3,6387
4,6388
5,6389
6,6390
7,6391
8,6392
9,6393
10,6394
11,6395
12,6396
13,6397
14,6398
15,6399
16,6400
17,6401
18,6402
19,6403
20,6404
21,6405
22,6406
23,6407
24,6408
1,6409
2,6410
3,6411
4,6412
5,6413
6,6414
7,6415
8,6416
9,6417
10,6418
11,6419
12,6420
13,6421
14,6422
15,6423
16,6424
17,6425
18,6426
19,6427
20,6428
21,6429
22,6430
23,6431
24,6432
1,6433
2,6434
3,6435
4,6436
5,6437
6,6438
7,6439
8,6440
9,6441
10,6442
11,6443
12,6444
13,6445
14,6446
15,6447
16,6448
17,6449
18,6450
19,6451
20,6452
21,6453
22,6454
23,6455
24,6456
1,6457
2,6458
3,6459
4,6460
5,6461
6,6462
7,6463
8,6464
9,6465
10,6466
11,6467
12,6468
13,6469
14,6470
15,6471
16,6472
17,6473
18,6474
19,6475
20,6476
21,6477
22,6478
23,6479
24,6480
1,6481
2,6482
3,6483
4,6484
5,6485
6,6486
7,6487
8,6488
9,6489
10,6490
11,6491
12,6492
13,6493
14,6494
15,6495
16,6496
17,6497
18,6498
19,6499
20,6500
21,6501
22,6502
23,6503
24,6504
1,6505
2,6506
3,6507
4,6508
5,6509
6,6510
7,6511
8,6512
9,6513
10,6514
11,6515
12,6516
13,6517
14,6518
15,6519
16,6520
17,6521
18,6522
19,6523
20,6524
21,6525
22,6526
23,6527
24,6528
1,6529
2,6530
3,6531
4,6532
5,6533
6,6534
7,6535
8,6536
9,6537
10,6538
11,6539
12,6540
13,6541
14,6542
15,6543
16,6544
17,6545
18,6546
19,6547
20,6548
21,6549
22,6550
23,6551
24,6552
1,6553
2,6554
3,6555
4,6556
5,6557
6,6558
7,6559
8,6560
9,6561
10,6562
11,6563
12,6564
13,6565
14,6566
15,6567
16,6568
17,6569
18,6570
19,6571
20,6572
21,6573
22,6574
23,6575
24,6576
1,6577
2,6578
3,6579
4,6580
5,6581
6,6582
7,6583
8,6584
9,6585
10,6586
11,6587
12,6588
13,6589
14,6590
15,6591
16,6592
17,6593
18,6594
19,6595
20,6596
21,6597
22,6598
23,6599
24,6600
1,6601
2,6602
3,6603
4,6604
5,6605
6,6606
7,6607
8,6608
9,6609
10,6610
11,6611
12,6612
13,6613
14,6614
15,6615
16,6616
17,6617
18,6618
19,6619
20,6620
21,6621
22,6622
23,6623
24,6624
1,6625
2,6626
3,6627
4,6628
5,6629
6,6630
7,6631
8,6632
9,6633
10,6634
11,6635
12,6636
13,6637
14,6638
15,6639
16,6640
17,6641
18,6642
19,6643
20,6644
21,6645
22,6646
23,6647
24,6648
1,6649
2,6650
3,6651
4,6652
5,6653
6,6654
7,6655
8,6656
9,6657
10,6658
11,6659
12,6660
13,6661
14,6662
15,6663
16,6664
17,6665
18,6666
19,6667
20,6668
21,6669
22,6670
23,6671
24,6672
1,6673
2,6674
3,6675
4,6676
5,6677
6,6678
7,6679
8,6680
9,6681
10,6682
11,6683
12,6684
13,6685
14,6686
15,6687
16,6688
17,6689
18,6690
19,6691
20,6692
21,6693
22,6694
23,6695
24,6696
1,6697
2,6698
3,6699
4,6700
5,6701
6,6702
7,6703
8,6704
9,6705
10,6706
11,6707
12,6708
13,6709
14,6710
15,6711
16,6712
17,6713
18,6714
19,6715
20,6716
21,6717
22,6718
23,6719
24,6720
1,6721
2,6722
3,6723
4,6724
5,6725
6,6726
7,6727
8,6728
9,6729
10,6730
11,6731
12,6732
13,6733
14,6734
15,6735
16,6736
17,6737
18,6738
19,6739
20,6740
21,6741
22,6742
23,6743
24,6744
1,6745
2,6746
3,6747
4,6748
5,6749
6,6750
7,6751
8,6752
9,6753
10,6754
11,6755
12,6756
13,6757
14,6758
15,6759
16,6760
17,6761
18,6762
19,6763
20,6764
21,6765
22,6766
23,6767
24,6768
1,6769
2,6770
3,6771
4,6772
5,6773
6,6774
7,6775
8,6776
9,6777
10,6778
11,6779
12,6780
13,6781
14,6782
15,6783
16,6784
17,6785
18,6786
19,6787
20,6788
21,6789
22,6790
23,6791
24,6792
1,6793
2,6794
3,6795
4,6796
5,6797
6,6798
7,6799
8,6800
9,6801
10,6802
11,6803
12,6804
13,6805
14,6806
15,6807
16,6808
17,6809
18,6810
19,6811
20,6812
21,6813
22,6814
23,6815
24,6816
1,6817
2,6818
3,6819
4,6820
5,6821
6,6822
7,6823
8,6824
9,6825
10,6826
11,6827
12,6828
13,6829
14,6830
15,6831
16,6832
17,6833
18,6834
19,6835
20,6836
21,6837
22,6838
23,6839
24,6840
1,6841
2,6842
3,6843
4,6844
5,6845
6,6846
7,6847
8,6848
9,6849
10,6850
11,6851
12,6852
13,6853
14,6854
15,6855
16,6856
17,6857
18,6858
19,6859
20,6860
21,6861
22,6862
23,6863
24,6864
1,6865
2,6866
3,6867
4,6868
5,6869
6,6870
7,6871
8,6872
9,6873
10,6874
11,6875
12,6876
13,6877
14,6878
15,6879
16,6880
17,6881
18,6882
19,6883
20,6884
21,6885
22,6886
23,6887
24,6888
1,6889
2,6890
3,6891
4,6892
5,6893
6,6894
7,6895
8,6896
9,6897
10,6898
11,6899
12,6900
13,6901
14,6902
15,6903
16,6904
17,6905
18,6906
19,6907
20,6908
21,6909
22,6910
23,6911
24,6912
1,6913
2,6914
3,6915
4,6916
5,6917
6,6918
7,6919
8,6920
9,6921
10,6922
11,6923
12,6924
13,6925
14,6926
15,6927
16,6928
17,6929
18,6930
19,6931
20,6932
21,6933
22,6934
23,6935
24,6936
1,6937
2,6938
3,6939
4,6940
5,6941
6,6942
7,6943
8,6944
9,6945
10,6946
11,6947
12,6948
13,6949
14,6950
15,6951
16,6952
17,6953
18,6954
19,6955
20,6956
21,6957
22,6958
23,6959
24,6960
1,6961
2,6962
3,6963
4,6964
5,6965
6,6966
7,6967
8,6968
9,6969
10,6970
11,6971
12,6972
13,6973
14,6974
15,6975
16,6976
17,6977
18,6978
19,6979
20,6980
21,6981
22,6982
23,6983
24,6984
1,6985
2,6986
3,6987
4,6988
5,6989
6,6990
7,6991
8,6992
9,6993
10,6994
11,6995
12,6996
13,6997
14,6998
15,6999
16,7000
17,7001
18,7002
19,7003
20,7004
21,7005
22,7006
23,7007
24,7008
1,7009
2,7010
3,7011
4,7012
5,7013
6,7014
7,7015
8,7016
9,7017
10,7018
11,7019
12,7020
13,7021
14,7022
15,7023
16,7024
17,7025
18,7026
19,7027
20,7028
21,7029
22,7030
23,7031
24,7032
1,7033
2,7034
3,7035
4,7036
5,7037
6,7038
7,7039
8,7040
9,7041
10,7042
11,7043
12,7044
13,7045
14,7046
15,7047
16,7048
17,7049
18,7050
19,7051
20,7052
21,7053
22,7054
23,7055
24,7056
1,7057
2,7058
3,7059
4,7060
5,7061
6,7062
7,7063
8,7064
9,7065
10,7066
11,7067
12,7068
13,7069
14,7070
15,7071
16,7072
17,7073
18,7074
19,7075
20,7076
21,7077
22,7078
23,7079
24,7080
1,7081
2,7082
3,7083
4,7084
5,7085
6,7086
7,7087
8,7088
9,7089
10,7090
11,7091
12,7092
13,7093
14,7094
15,7095
16,7096
17,7097
18,7098
19,7099
20,7100
21,7101
22,7102
23,7103
24,7104
1,7105
2,7106
3,7107
4,7108
5,7109
6,7110
7,7111
8,7112
9,7113
10,7114
11,7115
12,7116
13,7117
14,7118
15,7119
16,7120
17,7121
18,7122
19,7123
20,7124
21,7125
22,7126
23,7127
24,7128
1,7129
2,7130
3,7131
4,7132
5,7133
6,7134
7,7135
8,7136
9,7137
10,7138
11,7139
12,7140
13,7141
14,7142
15,7143
16,7144
17,7145
18,7146
19,7147
20,7148
21,7149
22,7150
23,7151
24,7152
1,7153
2,7154
3,7155
4,7156
5,7157
6,7158
7,7159
8,7160
9,7161
10,7162
11,7163
12,7164
13,7165
14,7166
15,7167
16,7168
17,7169
18,7170
19,7171
20,7172
21,7173
22,7174
23,7175
24,7176
1,7177
2,7178
3,7179
4,7180
5,7181
6,7182
7,7183
8,7184
9,7185
10,7186
11,7187
12,7188
13,7189
14,7190
15,7191
16,7192
17,7193
18,7194
19,7195
20,7196
21,7197
22,7198
23,7199
24,7200
1,7201
2,7202
3,7203
4,7204
5,7205
6,7206
7,7207
8,7208
9,7209
10,7210
11,7211
12,7212
13,7213
14,7214
15,7215
16,7216
17,7217
18,7218
19,7219
20,7220
21,7221
22,7222
23,7223
24,7224
1,7225
2,7226
3,7227
4,7228
5,7229
6,7230
7,7231
8,7232
9,7233
10,7234
11,7235
12,7236
13,7237
14,7238
15,7239
16,7240
17,7241
18,7242
19,7243
20,7244
21,7245
22,7246
23,7247
24,7248
1,7249
2,7250
3,7251
4,7252
5,7253
6,7254
7,7255
8,7256
9,7257
10,7258
11,7259
12,7260
13,7261
14,7262
15,7263
16,7264
17,7265
18,7266
19,7267
20,7268
21,7269
22,7270
23,7271
24,7272
1,7273
2,7274
3,7275
4,7276
5,7277
6,7278
7,7279
8,7280
9,7281
10,7282
11,7283
12,7284
13,7285
14,7286
15,7287
16,7288
17,7289
18,7290
19,7291
20,7292
21,7293
22,7294
23,7295
24,7296
1,7297
2,7298
3,7299
4,7300
5,7301
6,7302
7,7303
8,7304
9,7305
10,7306
11,7307
12,7308
13,7309
14,7310
15,7311
16,7312
17,7313
18,7314
19,7315
20,7316
21,7317
22,7318
23,7319
24,7320
1,7321
2,7322
3,7323
4,7324
5,7325
6,7326
7,7327
8,7328
9,7329
10,7330
11,7331
12,7332
13,7333
14,7334
15,7335
16,7336
17,7337
18,7338
19,7339
20,7340
21,7341
22,7342
23,7343
24,7344
1,7345
2,7346
3,7347
4,7348
5,7349
6,7350
7,7351
8,7352
9,7353
10,7354
11,7355
12,7356
13,7357
14,7358
15,7359
16,7360
17,7361
18,7362
19,7363
20,7364
21,7365
22,7366
23,7367
24,7368
1,7369
2,7370
3,7371
4,7372
5,7373
6,7374
7,7375
8,7376
9,7377
10,7378
11,7379
12,7380
13,7381
14,7382
15,7383
16,7384
17,7385
18,7386
19,7387
20,7388
21,7389
22,7390
23,7391
24,7392
1,7393
2,7394
3,7395
4,7396
5,7397
6,7398
7,7399
8,7400
9,7401
10,7402
11,7403
12,7404
13,7405
14,7406
15,7407
16,7408
17,7409
18,7410
19,7411
20,7412
21,7413
22,7414
23,7415
24,7416
1,7417
2,7418
3,7419
4,7420
5,7421
6,7422
7,7423
8,7424
9,7425
10,7426
11,7427
12,7428
13,7429
14,7430
15,7431
16,7432
17,7433
18,7434
19,7435
20,7436
21,7437
22,7438
23,7439
24,7440
1,7441
2,7442
3,7443
4,7444
5,7445
6,7446
7,7447
8,7448
9,7449
10,7450
11,7451
12,7452
13,7453
14,7454
15,7455
16,7456
17,7457
18,7458
19,7459
20,7460
21,7461
22,7462
23,7463
24,7464
1,7465
2,7466
3,7467
4,7468
5,7469
6,7470
7,7471
8,7472
9,7473
10,7474
11,7475
12,7476
13,7477
14,7478
15,7479
16,7480
17,7481
18,7482
19,7483
20,7484
21,7485
22,7486
23,7487
24,7488
1,7489
2,7490
3,7491
4,7492
5,7493
6,7494
7,7495
8,7496
9,7497
10,7498
11,7499
12,7500
13,7501
14,7502
15,7503
16,7504
17,7505
18,7506
19,7507
20,7508
21,7509
22,7510
23,7511
24,7512
1,7513
2,7514
3,7515
4,7516
5,7517
6,7518
7,7519
8,7520
9,7521
10,7522
11,7523
12,7524
13,7525
14,7526
15,7527
16,7528
17,7529
18,7530
19,7531
20,7532
21,7533
22,7534
23,7535
24,7536
1,7537
2,7538
3,7539
4,7540
5,7541
6,7542
7,7543
8,7544
9,7545
10,7546
11,7547
12,7548
13,7549
14,7550
15,7551
16,7552
17,7553
18,7554
19,7555
20,7556
21,7557
22,7558
23,7559
24,7560
1,7561
2,7562
3,7563
4,7564
5,7565
6,7566
7,7567
8,7568
9,7569
10,7570
11,7571
12,7572
13,7573
14,7574
15,7575
16,7576
17,7577
18,7578
19,7579
20,7580
21,7581
22,7582
23,7583
24,7584
1,7585
2,7586
3,7587
4,7588
5,7589
6,7590
7,7591
8,7592
9,7593
10,7594
11,7595
12,7596
13,7597
14,7598
15,7599
16,7600
17,7601
18,7602
19,7603
20,7604
21,7605
22,7606
23,7607
24,7608
1,7609
2,7610
3,7611
4,7612
5,7613
6,7614
7,7615
8,7616
9,7617
10,7618
11,7619
12,7620
13,7621
14,7622
15,7623
16,7624
17,7625
18,7626
19,7627
20,7628
21,7629
22,7630
23,7631
24,7632
1,7633
2,7634
3,7635
4,7636
5,7637
6,7638
7,7639
8,7640
9,7641
10,7642
11,7643
12,7644
13,7645
14,7646
15,7647
16,7648
17,7649
18,7650
19,7651
20,7652
21,7653
22,7654
23,7655
24,7656
1,7657
2,7658
3,7659
4,7660
5,7661
6,7662
7,7663
8,7664
9,7665
10,7666
11,7667
12,7668
13,7669
14,7670
15,7671
16,7672
17,7673
18,7674
19,7675
20,7676
21,7677
22,7678
23,7679
24,7680
1,7681
2,7682
3,7683
4,7684
5,7685
6,7686
7,7687
8,7688
9,7689
10,7690
11,7691
12,7692
13,7693
14,7694
15,7695
16,7696
17,7697
18,7698
19,7699
20,7700
21,7701
22,7702
23,7703
24,7704
1,7705
2,7706
3,7707
4,7708
5,7709
6,7710
7,7711
8,7712
9,7713
10,7714
11,7715
12,7716
13,7717
14,7718
15,7719
16,7720
17,7721
18,7722
19,7723
20,7724
21,7725
22,7726
23,7727
24,7728
1,7729
2,7730
3,7731
4,7732
5,7733
6,7734
7,7735
8,7736
9,7737
10,7738
11,7739
12,7740
13,7741
14,7742
15,7743
16,7744
17,7745
18,7746
19,7747
20,7748
21,7749
22,7750
23,7751
24,7752
1,7753
2,7754
3,7755
4,7756
5,7757
6,7758
7,7759
8,7760
9,7761
10,7762
11,7763
12,7764
13,7765
14,7766
15,7767
16,7768
17,7769
18,7770
19,7771
20,7772
21,7773
22,7774
23,7775
24,7776
1,7777
2,7778
3,7779
4,7780
5,7781
6,7782
7,7783
8,7784
9,7785
10,7786
11,7787
12,7788
13,7789
14,7790
15,7791
16,7792
17,7793
18,7794
19,7795
20,7796
21,7797
22,7798
23,7799
24,7800
1,7801
2,7802
3,7803
4,7804
5,7805
6,7806
7,7807
8,7808
9,7809
10,7810
11,7811
12,7812
13,7813
14,7814
15,7815
16,7816
17,7817
18,7818
19,7819
20,7820
21,7821
22,7822
23,7823
24,7824
1,7825
2,7826
3,7827
4,7828
5,7829
6,7830
7,7831
8,7832
9,7833
10,7834
11,7835
12,7836
13,7837
14,7838
15,7839
16,7840
17,7841
18,7842
19,7843
20,7844
21,7845
22,7846
23,7847
24,7848
1,7849
2,7850
3,7851
4,7852
5,7853
6,7854
7,7855
8,7856
9,7857
10,7858
11,7859
12,7860
13,7861
14,7862
15,7863
16,7864
17,7865
18,7866
19,7867
20,7868
21,7869
22,7870
23,7871
24,7872
1,7873
2,7874
3,7875
4,7876
5,7877
6,7878
7,7879
8,7880
9,7881
10,7882
11,7883
12,7884
13,7885
14,7886
15,7887
16,7888
17,7889
18,7890
19,7891
20,7892
21,7893
22,7894
23,7895
24,7896
1,7897
2,7898
3,7899
4,7900
5,7901
6,7902
7,7903
8,7904
9,7905
10,7906
11,7907
12,7908
13,7909
14,7910
15,7911
16,7912
17,7913
18,7914
19,7915
20,7916
21,7917
22,7918
23,7919
24,7920
1,7921
2,7922
3,7923
4,7924
5,7925
6,7926
7,7927
8,7928
9,7929
10,7930
11,7931
12,7932
13,7933
14,7934
15,7935
16,7936
17,7937
18,7938
19,7939
20,7940
21,7941
22,7942
23,7943
24,7944
1,7945
2,7946
3,7947
4,7948
5,7949
6,7950
7,7951
8,7952
9,7953
10,7954
11,7955
12,7956
13,7957
14,7958
15,7959
16,7960
17,7961
18,7962
19,7963
20,7964
21,7965
22,7966
23,7967
24,7968
1,7969
2,7970
3,7971
4,7972
5,7973
6,7974
7,7975
8,7976
9,7977
10,7978
11,7979
12,7980
13,7981
14,7982
15,7983
16,7984
17,7985
18,7986
19,7987
20,7988
21,7989
22,7990
23,7991
24,7992
1,7993
2,7994
3,7995
4,7996
5,7997
6,7998
7,7999
8,8000
9,8001
10,8002
11,8003
12,8004
13,8005
14,8006
15,8007
16,8008
17,8009
18,8010
19,8011
20,8012
21,8013
22,8014
23,8015
24,8016
1,8017
2,8018
3,8019
4,8020
5,8021
6,8022
7,8023
8,8024
9,8025
10,8026
11,8027
12,8028
13,8029
14,8030
15,8031
16,8032
17,8033
18,8034
19,8035
20,8036
21,8037
22,8038
23,8039
24,8040
1,8041
2,8042
3,8043
4,8044
5,8045
6,8046
7,8047
8,8048
9,8049
10,8050
11,8051
12,8052
13,8053
14,8054
15,8055
16,8056
17,8057
18,8058
19,8059
20,8060
21,8061
22,8062
23,8063
24,8064
1,8065
2,8066
3,8067
4,8068
5,8069
6,8070
7,8071
8,8072
9,8073
10,8074
11,8075
12,8076
13,8077
14,8078
15,8079
16,8080
17,8081
18,8082
19,8083
20,8084
21,8085
22,8086
23,8087
24,8088
1,8089
2,8090
3,8091
4,8092
5,8093
6,8094
7,8095
8,8096
9,8097
10,8098
11,8099
12,8100
13,8101
14,8102
15,8103
16,8104
17,8105
18,8106
19,8107
20,8108
21,8109
22,8110
23,8111
24,8112
1,8113
2,8114
3,8115
4,8116
5,8117
6,8118
7,8119
8,8120
9,8121
10,8122
11,8123
12,8124
13,8125
14,8126
15,8127
16,8128
17,8129
18,8130
19,8131
20,8132
21,8133
22,8134
23,8135
24,8136
1,8137
2,8138
3,8139
4,8140
5,8141
6,8142
7,8143
8,8144
9,8145
10,8146
11,8147
12,8148
13,8149
14,8150
15,8151
16,8152
17,8153
18,8154
19,8155
20,8156
21,8157
22,8158
23,8159
24,8160
1,8161
2,8162
3,8163
4,8164
5,8165
6,8166
7,8167
8,8168
9,8169
10,8170
11,8171
12,8172
13,8173
14,8174
15,8175
16,8176
17,8177
18,8178
19,8179
20,8180
21,8181
22,8182
23,8183
24,8184
1,8185
2,8186
3,8187
4,8188
5,8189
6,8190
7,8191
8,8192
9,8193
10,8194
11,8195
12,8196
13,8197
14,8198
15,8199
16,8200
17,8201
18,8202
19,8203
20,8204
21,8205
22,8206
23,8207
24,8208
1,8209
2,8210
3,8211
4,8212
5,8213
6,8214
7,8215
8,8216
9,8217
10,8218
11,8219
12,8220
13,8221
14,8222
15,8223
16,8224
17,8225
18,8226
19,8227
20,8228
21,8229
22,8230
23,8231
24,8232
1,8233
2,8234
3,8235
4,8236
5,8237
6,8238
7,8239
8,8240
9,8241
10,8242
11,8243
12,8244
13,8245
14,8246
15,8247
16,8248
17,8249
18,8250
19,8251
20,8252
21,8253
22,8254
23,8255
24,8256
1,8257
2,8258
3,8259
4,8260
5,8261
6,8262
7,8263
8,8264
9,8265
10,8266
11,8267
12,8268
13,8269
14,8270
15,8271
16,8272
17,8273
18,8274
19,8275
20,8276
21,8277
22,8278
23,8279
24,8280
1,8281
2,8282
3,8283
4,8284
5,8285
6,8286
7,8287
8,8288
9,8289
10,8290
11,8291
12,8292
13,8293
14,8294
15,8295
16,8296
17,8297
18,8298
19,8299
20,8300
21,8301
22,8302
23,8303
24,8304
1,8305
2,8306
3,8307
4,8308
5,8309
6,8310
7,8311
8,8312
9,8313
10,8314
11,8315
12,8316
13,8317
14,8318
15,8319
16,8320
17,8321
18,8322
19,8323
20,8324
21,8325
22,8326
23,8327
24,8328
1,8329
2,8330
3,8331
4,8332
5,8333
6,8334
7,8335
8,8336
9,8337
10,8338
11,8339
12,8340
13,8341
14,8342
15,8343
16,8344
17,8345
18,8346
19,8347
20,8348
21,8349
22,8350
23,8351
24,8352
1,8353
2,8354
3,8355
4,8356
5,8357
6,8358
7,8359
8,8360
9,8361
10,8362
11,8363
12,8364
13,8365
14,8366
15,8367
16,8368
17,8369
18,8370
19,8371
20,8372
21,8373
22,8374
23,8375
24,8376
1,8377
2,8378
3,8379
4,8380
5,8381
6,8382
7,8383
8,8384
9,8385
10,8386
11,8387
12,8388
13,8389
14,8390
15,8391
16,8392
17,8393
18,8394
19,8395
20,8396
21,8397
22,8398
23,8399
24,8400
1,8401
2,8402
3,8403
4,8404
5,8405
6,8406
7,8407
8,8408
9,8409
10,8410
11,8411
12,8412
13,8413
14,8414
15,8415
16,8416
17,8417
18,8418
19,8419
20,8420
21,8421
22,8422
23,8423
24,8424
1,8425
2,8426
3,8427
4,8428
5,8429
6,8430
7,8431
8,8432
9,8433
10,8434
11,8435
12,8436
13,8437
14,8438
15,8439
16,8440
17,8441
18,8442
19,8443
20,8444
21,8445
22,8446
23,8447
24,8448
1,8449
2,8450
3,8451
4,8452
5,8453
6,8454
7,8455
8,8456
9,8457
10,8458
11,8459
12,8460
13,8461
14,8462
15,8463
16,8464
17,8465
18,8466
19,8467
20,8468
21,8469
22,8470
23,8471
24,8472
1,8473
2,8474
3,8475
4,8476
5,8477
6,8478
7,8479
8,8480
9,8481
10,8482
11,8483
12,8484
13,8485
14,8486
15,8487
16,8488
17,8489
18,8490
19,8491
20,8492
21,8493
22,8494
23,8495
24,8496
1,8497
2,8498
3,8499
4,8500
5,8501
6,8502
7,8503
8,8504
9,8505
10,8506
11,8507
12,8508
13,8509
14,8510
15,8511
16,8512
17,8513
18,8514
19,8515
20,8516
21,8517
22,8518
23,8519
24,8520
1,8521
2,8522
3,8523
4,8524
5,8525
6,8526
7,8527
8,8528
9,8529
10,8530
11,8531
12,8532
13,8533
14,8534
15,8535
16,8536
17,8537
18,8538
19,8539
20,8540
21,8541
22,8542
23,8543
24,8544
1,8545
2,8546
3,8547
4,8548
5,8549
6,8550
7,8551
8,8552
9,8553
10,8554
11,8555
12,8556
13,8557
14,8558
15,8559
16,8560
17,8561
18,8562
19,8563
20,8564
21,8565
22,8566
23,8567
24,8568
1,8569
2,8570
3,8571
4,8572
5,8573
6,8574
7,8575
8,8576
9,8577
10,8578
11,8579
12,8580
13,8581
14,8582
15,8583
16,8584
17,8585
18,8586
19,8587
20,8588
21,8589
22,8590
23,8591
24,8592
1,8593
2,8594
3,8595
4,8596
5,8597
6,8598
7,8599
8,8600
9,8601
10,8602
11,8603
12,8604
13,8605
14,8606
15,8607
16,8608
17,8609
18,8610
19,8611
20,8612
21,8613
22,8614
23,8615
24,8616
1,8617
2,8618
3,8619
4,8620
5,8621
6,8622
7,8623
8,8624
9,8625
10,8626
11,8627
12,8628
13,8629
14,8630
15,8631
16,8632
17,8633
18,8634
19,8635
20,8636
21,8637
22,8638
23,8639
24,8640
1,8641
2,8642
3,8643
4,8644
5,8645
6,8646
7,8647
8,8648
9,8649
10,8650
11,8651
12,8652
13,8653
14,8654
15,8655
16,8656
17,8657
18,8658
19,8659
20,8660
21,8661
22,8662
23,8663
24,8664
1,8665
2,8666
3,8667
4,8668
5,8669
6,8670
7,8671
8,8672
9,8673
10,8674
11,8675
12,8676
13,8677
14,8678
15,8679
16,8680
17,8681
18,8682
19,8683
20,8684
21,8685
22,8686
23,8687
24,8688
1,8689
2,8690
3,8691
4,8692
5,8693
6,8694
7,8695
8,8696
9,8697
10,8698
11,8699
12,8700
13,8701
14,8702
15,8703
16,8704
17,8705
18,8706
19,8707
20,8708
21,8709
22,8710
23,8711
24,8712
1,8713
2,8714
3,8715
4,8716
5,8717
6,8718
7,8719
8,8720
9,8721
10,8722
11,8723
12,8724
13,8725
14,8726
15,8727
16,8728
17,8729
18,8730
19,8731
20,8732
21,8733
22,8734
23,8735
24,8736
1,8737
2,8738
3,8739
4,8740
5,8741
6,8742
7,8743
8,8744
9,8745
10,8746
11,8747
12,8748
13,8749
14,8750
15,8751
16,8752
17,8753
18,8754
19,8755
20,8756
21,8757
22,8758
23,8759
24,8760
